City_ID,City,Country,Date,Lat,Lng,Max Temp,Humidity,Cloudiness,Wind Speed
0,Rikitea,PF,2019-10-21 03:11:20,-23.12,-134.97,70.39,73,94,15.19
1,Avarua,CK,2019-10-21 03:11:21,-21.21,-159.78,77.0,83,0,14.99
2,Chicama,PE,2019-10-21 03:11:21,-7.84,-79.15,62.6,82,75,12.75
3,Khatanga,RU,2019-10-21 03:11:21,71.98,102.47,19.63,94,100,15.21
4,Ushuaia,AR,2019-10-21 03:02:24,-54.81,-68.31,42.8,70,0,4.21
5,Butaritari,KI,2019-10-21 03:11:22,3.07,172.79,85.35,67,46,10.4
6,Hovd,NO,2019-10-21 03:11:22,63.83,10.7,43.0,93,75,5.82
7,East London,ZA,2019-10-21 03:11:23,-33.02,27.91,60.04,77,93,8.77
8,Punta Arenas,CL,2019-10-21 03:11:23,-53.16,-70.91,42.8,70,0,17.22
9,Cap Malheureux,MU,2019-10-21 03:11:23,-19.98,57.61,72.0,94,90,6.93
10,Svolvaer,NO,2019-10-21 03:11:23,68.23,14.57,37.4,86,75,8.05
11,Cabo San Lucas,MX,2019-10-21 03:11:24,22.89,-109.91,79.0,83,5,9.17
12,Ribeira Grande,PT,2019-10-21 03:11:24,38.52,-28.7,65.33,61,52,8.81
13,Albany,US,2019-10-21 03:10:20,42.65,-73.75,48.0,87,90,0.98
14,Bambous Virieux,MU,2019-10-21 03:11:25,-20.34,57.76,72.0,94,90,6.93
15,Marsh Harbour,BS,2019-10-21 03:11:25,26.54,-77.06,81.66,86,60,9.06
16,Kodiak,US,2019-10-21 03:11:26,39.95,-94.76,59.0,82,1,12.75
17,Puerto Ayora,EC,2019-10-21 03:11:26,-0.74,-90.35,68.0,92,6,5.99
18,Horsham,AU,2019-10-21 03:11:27,-36.71,142.2,66.92,55,0,6.71
19,Jambusar,IN,2019-10-21 03:11:27,22.05,72.81,75.2,83,40,3.36
20,Vanavara,RU,2019-10-21 03:11:27,60.35,102.28,22.56,80,100,4.07
21,Paita,PE,2019-10-21 03:11:28,-5.09,-81.11,63.21,89,94,16.87
22,Bredasdorp,ZA,2019-10-21 03:11:28,-34.53,20.04,57.99,71,100,6.93
23,Dikson,RU,2019-10-21 03:10:21,73.51,80.55,26.24,83,69,15.28
24,Saint-Pierre,FR,2019-10-21 03:11:29,48.95,4.24,57.2,93,75,18.34
25,Umm Lajj,SA,2019-10-21 03:11:30,25.02,37.27,86.63,61,0,10.78
26,Chuy,UY,2019-10-21 03:11:30,-33.69,-53.46,57.36,79,100,9.53
27,Meghri,AM,2019-10-21 03:11:31,38.9,46.25,46.99,57,100,9.17
28,Codrington,AU,2019-10-21 03:11:31,-28.95,153.24,75.99,36,0,6.93
29,Mazatlan,MX,2019-10-21 03:11:31,23.22,-106.42,84.0,78,90,5.82
30,Atuona,PF,2019-10-21 03:11:32,-9.8,-139.03,79.44,74,2,12.46
31,Upernavik,GL,2019-10-21 03:11:32,72.79,-56.15,17.85,77,74,7.23
32,Jamestown,AU,2019-10-21 03:11:33,-33.21,138.6,83.15,16,35,1.77
33,Mataura,NZ,2019-10-21 03:11:34,-46.19,168.86,46.99,85,82,11.99
34,Oktyabrskiy,RU,2019-10-21 03:11:34,55.61,37.97,55.4,76,100,2.24
35,Tuktoyaktuk,CA,2019-10-21 03:11:35,69.44,-133.03,17.6,92,5,9.17
36,Ayagoz,KZ,2019-10-21 03:11:35,47.96,80.43,16.39,78,63,30.06
37,Kyshtovka,RU,2019-10-21 03:11:36,56.56,76.62,22.76,70,1,10.29
38,Cape Town,ZA,2019-10-21 03:11:36,-33.93,18.42,57.99,71,20,1.12
39,Mayo,CA,2019-10-21 03:11:36,63.59,-135.9,30.2,100,90,1.34
40,Katsuura,JP,2019-10-21 03:11:37,33.93,134.5,68.0,72,75,8.05
41,Hualmay,PE,2019-10-21 03:11:37,-11.1,-77.61,61.64,90,7,18.19
42,Podor,MR,2019-10-21 03:11:37,16.65,-14.96,83.37,37,0,10.2
43,Rundu,NA,2019-10-21 03:11:38,-17.91,19.77,70.79,17,6,4.34
44,Yulara,AU,2019-10-21 03:11:38,-25.24,130.99,84.2,9,100,16.11
45,Hermanus,ZA,2019-10-21 03:11:38,-34.42,19.24,57.99,73,100,5.99
46,Hobart,AU,2019-10-21 03:11:39,-42.88,147.33,73.0,34,0,11.41
47,Nassau,AT,2019-10-21 03:11:40,46.81,15.34,64.99,93,82,2.24
48,Sambava,MG,2019-10-21 03:11:40,-14.27,50.17,67.19,85,0,3.0
49,Half Moon Bay,US,2019-10-21 03:11:41,37.46,-122.43,63.0,72,1,16.11
50,Longyearbyen,NO,2019-10-21 03:11:41,78.22,15.63,12.2,66,75,6.93
51,Sisimiut,GL,2019-10-21 03:11:42,66.94,-53.67,31.01,64,0,10.33
52,New Norfolk,AU,2019-10-21 03:11:42,-42.78,147.06,73.0,34,0,11.41
53,Airai,TL,2019-10-21 03:11:42,-8.93,125.41,90.23,42,11,4.09
54,Yuanping,CN,2019-10-21 03:11:43,38.72,112.71,50.46,22,0,5.5
55,Carnarvon,ZA,2019-10-21 03:11:44,-30.97,22.13,53.04,47,0,15.84
56,Yellowknife,CA,2019-10-21 03:11:44,62.45,-114.38,25.0,79,20,5.82
57,Nanortalik,GL,2019-10-21 03:11:45,60.14,-45.24,38.93,69,77,5.28
58,Qaanaaq,GL,2019-10-21 03:11:45,77.48,-69.36,1.22,47,0,11.21
59,Ust-Nera,RU,2019-10-21 03:11:46,64.57,143.24,11.67,91,14,1.14
60,Meulaboh,ID,2019-10-21 03:11:47,4.14,96.13,79.16,85,98,6.4
61,Clinton,US,2019-10-21 03:11:47,41.28,-72.53,54.0,87,90,5.82
62,Saint George,GR,2019-10-21 03:11:47,39.45,22.34,57.2,93,0,4.7
63,Lavrentiya,RU,2019-10-21 03:11:48,65.58,-170.99,24.87,95,100,5.06
64,Chokurdakh,RU,2019-10-21 03:10:18,70.62,147.9,2.8,95,85,4.25
65,Leningradskiy,RU,2019-10-21 03:11:48,69.38,178.42,24.72,94,100,24.02
66,Dingle,PH,2019-10-21 03:11:49,11.0,122.67,85.69,70,100,6.02
67,Gat,SN,2019-10-21 03:11:49,14.69,-16.54,77.0,88,0,11.41
68,Nabire,ID,2019-10-21 03:11:50,-3.36,135.5,81.28,81,94,0.78
69,Arraial Do Cabo,BR,2019-10-21 03:11:50,-22.97,-42.02,71.6,64,75,9.17
70,Saskylakh,RU,2019-10-21 03:11:51,71.97,114.09,8.31,86,100,11.14
71,Busselton,AU,2019-10-21 03:11:51,-33.64,115.35,78.01,41,0,7.07
72,San Patricio,PY,2019-10-21 03:11:51,-26.98,-56.83,61.14,97,96,5.77
73,Formosa Do Rio Preto,BR,2019-10-21 03:11:52,-11.04,-45.19,76.01,66,55,4.5
74,Lagoa,PT,2019-10-21 03:11:52,37.14,-8.45,54.0,87,0,1.12
75,Laguna,BZ,2019-10-21 03:11:53,16.17,-88.94,80.6,94,0,3.15
76,Hithadhoo,MV,2019-10-21 03:11:53,-0.6,73.08,80.79,75,43,11.34
77,Mahebourg,MU,2019-10-21 03:11:54,-20.41,57.7,72.0,94,90,6.93
78,Pamplonita,CO,2019-10-21 03:11:54,7.44,-72.64,80.6,74,40,6.93
79,Mar Del Plata,AR,2019-10-21 03:11:54,-46.43,-67.52,57.72,38,100,20.58
80,Kaitangata,NZ,2019-10-21 03:11:56,-46.28,169.85,55.0,40,100,8.01
81,Avera,US,2019-10-21 03:11:56,33.19,-82.53,63.0,100,1,3.27
82,Sanandaj,IR,2019-10-21 03:11:57,35.31,47.0,51.8,81,40,4.7
83,Vestmanna,FO,2019-10-21 03:11:58,62.16,-7.17,46.4,81,100,18.34
84,Victoria,BN,2019-10-21 03:11:59,5.28,115.24,89.6,55,75,4.7
85,Esna,RO,2019-10-21 03:11:59,45.2,27.57,55.05,93,0,6.17
86,Coquimbo,CL,2019-10-21 03:11:59,-29.95,-71.34,55.4,71,0,11.52
87,Vestmannaeyjar,IS,2019-10-21 03:12:00,63.44,-20.27,46.94,89,100,18.5
88,Narasannapeta,IN,2019-10-21 03:12:00,18.42,84.04,81.15,77,61,4.9
89,Imbituba,BR,2019-10-21 03:12:01,-28.24,-48.67,66.2,72,75,5.82
90,Dunedin,NZ,2019-10-21 03:12:01,-45.87,170.5,55.99,42,68,10.0
91,Salalah,OM,2019-10-21 03:12:02,17.01,54.1,78.8,39,0,8.05
92,Samarai,PG,2019-10-21 03:12:02,-10.62,150.67,78.08,88,93,6.62
93,Yandyki,RU,2019-10-21 03:12:03,45.77,47.13,53.27,73,3,6.4
94,Luderitz,NA,2019-10-21 03:12:03,-26.65,15.16,58.2,77,0,25.23
95,Tazovskiy,RU,2019-10-21 03:12:04,67.47,78.7,25.71,92,100,11.86
96,Galveston,US,2019-10-21 03:12:04,40.58,-86.19,57.99,76,90,7.36
97,Tasiilaq,GL,2019-10-21 03:12:05,65.61,-37.64,28.4,74,0,3.36
98,Esperance,AU,2019-10-21 03:12:06,-33.86,121.89,66.2,77,90,14.99
99,Nikki,BJ,2019-10-21 03:12:08,9.94,3.21,69.31,97,23,3.47
100,College,US,2019-10-21 03:12:09,64.86,-147.8,36.0,69,75,2.95
101,Bandarbeyla,SO,2019-10-21 03:12:10,9.49,50.81,74.15,76,14,6.85
102,Iqaluit,CA,2019-10-21 03:07:22,63.75,-68.52,30.2,86,90,13.87
103,Escarcega,MX,2019-10-21 03:12:10,18.61,-90.75,79.55,76,16,4.38
104,Kribi,CM,2019-10-21 03:12:11,2.94,9.91,79.05,79,79,2.57
105,Thompson,CA,2019-10-21 03:12:11,55.74,-97.86,37.4,93,90,13.87
106,Constitucion,MX,2019-10-21 03:12:12,23.99,-104.67,66.2,88,90,8.05
107,Namibe,AO,2019-10-21 03:12:12,-15.19,12.15,69.35,85,20,4.79
108,Danilov,RU,2019-10-21 03:12:13,58.19,40.17,46.4,100,90,7.36
109,Nouadhibou,MR,2019-10-21 03:12:13,20.93,-17.03,68.0,88,19,18.34
110,Sur,OM,2019-10-21 03:12:14,22.57,59.53,79.41,39,0,2.8
111,Port Alfred,ZA,2019-10-21 03:12:14,-33.59,26.89,64.0,84,72,5.99
112,Seoul,KR,2019-10-21 03:12:14,37.57,126.98,69.8,63,1,3.36
113,Senekal,ZA,2019-10-21 03:12:15,-28.32,27.62,52.95,27,17,4.25
114,Haines Junction,CA,2019-10-21 03:12:15,60.75,-137.51,21.9,85,0,2.21
115,Namatanai,PG,2019-10-21 03:12:16,-3.66,152.44,83.75,69,77,8.75
116,Ghatanji,IN,2019-10-21 03:12:16,20.14,78.32,73.76,85,100,7.31
117,Fort Dodge,US,2019-10-21 03:12:17,42.5,-94.17,55.99,71,90,14.99
118,Uige,AO,2019-10-21 03:12:17,-7.61,15.06,65.78,99,40,2.24
119,Kargopol,RU,2019-10-21 03:12:18,61.51,38.95,38.55,95,100,5.68
120,Provideniya,RU,2019-10-21 03:12:18,64.42,-173.23,33.8,64,90,15.66
121,Hambantota,LK,2019-10-21 03:12:19,6.12,81.12,78.8,100,75,4.7
122,Chadan,RU,2019-10-21 03:12:19,51.29,91.58,29.51,49,100,6.51
123,Bilma,NE,2019-10-21 03:12:20,18.69,12.92,85.82,18,50,12.68
124,Geilo,NO,2019-10-21 03:12:20,60.53,8.21,27.0,88,0,6.11
125,Acapulco,MX,2019-10-21 03:12:21,16.86,-99.88,80.6,88,40,2.71
126,Kapaa,US,2019-10-21 03:12:22,22.08,-159.32,84.2,78,75,5.82
127,Pisco,PE,2019-10-21 03:12:22,-13.71,-76.2,62.6,82,0,8.05
128,Touros,BR,2019-10-21 03:12:22,-5.2,-35.46,78.8,74,75,9.17
129,Kununurra,AU,2019-10-21 03:12:23,-15.77,128.74,96.8,28,40,6.93
130,Ozerne,UA,2019-10-21 03:12:24,50.18,28.74,52.21,79,2,7.96
131,La Ronge,CA,2019-10-21 03:12:24,55.1,-105.3,33.8,80,90,8.05
132,Los Llanos De Aridane,ES,2019-10-21 03:12:25,28.66,-17.92,66.2,77,90,8.05
133,Castro,CL,2019-10-21 03:10:21,-42.48,-73.76,42.8,87,75,4.7
134,Hofn,IS,2019-10-21 03:12:25,64.25,-15.21,35.27,99,100,10.92
135,Kaitong,CN,2019-10-21 03:12:26,44.81,123.15,57.36,14,0,13.27
136,Fort Nelson,CA,2019-10-21 03:12:26,58.81,-122.69,35.6,93,90,2.24
137,Lebu,ET,2019-10-21 03:12:26,8.96,38.73,51.8,81,40,3.15
138,Abu Dhabi,AE,2019-10-21 03:12:27,24.47,54.37,80.6,78,0,5.82
139,Salinopolis,BR,2019-10-21 03:12:27,-0.61,-47.36,81.23,82,100,13.13
140,Lompoc,US,2019-10-21 03:12:28,34.64,-120.46,70.0,45,1,3.36
141,Batemans Bay,AU,2019-10-21 03:12:28,-35.71,150.18,73.99,29,0,1.99
142,Ojinaga,US,2019-10-21 03:12:28,29.56,-104.41,73.4,31,1,8.05
143,Cockburn Town,TC,2019-10-21 03:12:29,21.46,-71.14,83.78,79,100,16.71
144,Husavik,CA,2019-10-21 03:12:29,50.56,-96.99,48.0,84,100,7.2
145,Nyurba,RU,2019-10-21 03:12:30,63.29,118.35,23.21,85,100,7.09
146,Bowen,AU,2019-10-21 03:12:30,-20.01,148.25,84.99,51,40,23.04
147,Severo-Kurilsk,RU,2019-10-21 03:12:31,50.68,156.12,42.17,71,0,12.3
148,Tuatapere,NZ,2019-10-21 03:12:31,-46.13,167.69,46.99,85,100,11.99
149,Walvis Bay,NA,2019-10-21 03:12:32,-22.95,14.51,60.01,93,0,10.29
150,Hauterive,CA,2019-10-21 03:12:32,49.18,-68.27,35.6,100,40,4.7
151,Ndjole,GA,2019-10-21 03:12:32,-0.18,10.76,70.23,98,85,1.23
152,Salinas,US,2019-10-21 03:12:33,36.67,-121.66,64.4,63,1,2.26
153,Purpe,RU,2019-10-21 03:12:33,64.48,76.69,27.0,88,100,18.81
154,Morazan,HN,2019-10-21 03:12:34,15.32,-87.6,66.2,144,20,4.7
155,Vila Velha,BR,2019-10-21 03:12:35,-3.71,-38.6,79.0,74,40,8.05
156,Auki,NG,2019-10-21 03:12:35,12.18,6.51,72.06,88,0,5.64
157,Port Elizabeth,US,2019-10-21 03:12:35,39.31,-74.98,57.99,93,90,16.11
158,Kahului,US,2019-10-21 03:12:36,20.89,-156.47,87.8,55,1,4.7
159,Dolzhanskaya,RU,2019-10-21 03:12:36,46.63,37.8,56.58,81,0,10.8
160,Souillac,FR,2019-10-21 03:12:36,45.6,-0.6,46.4,100,40,2.24
161,Talnakh,RU,2019-10-21 03:12:37,69.49,88.39,19.4,85,75,20.13
162,Keflavik,IS,2019-10-21 03:12:37,64.0,-22.56,44.6,100,90,20.8
163,Jining,CN,2019-10-21 03:12:38,35.41,116.58,73.81,40,67,4.61
164,Narsaq,GL,2019-10-21 03:12:38,60.91,-46.05,33.8,86,0,12.75
165,Port Hardy,CA,2019-10-21 03:12:39,50.7,-127.42,48.2,100,90,4.7
166,Esil,KZ,2019-10-21 03:12:39,51.96,66.41,25.21,65,0,6.98
167,Camopi,GF,2019-10-21 03:12:40,3.17,-52.33,72.32,95,0,2.3
168,Manta,RO,2019-10-21 03:12:40,45.1,24.1,53.72,69,0,2.1
169,Biltine,TD,2019-10-21 03:12:40,14.53,20.93,82.0,59,95,4.68
170,Egvekinot,RU,2019-10-21 03:12:41,66.32,-179.17,14.99,80,100,13.04
171,Ostrovnoy,RU,2019-10-21 03:12:41,68.05,39.51,19.65,88,92,9.62
172,Langham,CA,2019-10-21 03:12:42,52.36,-106.96,39.0,74,90,4.7
173,Berlevag,NO,2019-10-21 03:12:42,70.86,29.09,32.0,70,0,24.16
174,Coolum Beach,AU,2019-10-21 03:12:42,-26.53,153.09,73.99,56,0,7.0
175,Caravelas,BR,2019-10-21 03:12:43,-17.73,-39.27,74.93,82,100,11.77
176,Nome,US,2019-10-21 03:12:43,30.04,-94.42,82.99,94,1,6.93
177,Georgetown,GY,2019-10-21 03:12:43,6.8,-58.16,77.0,94,20,4.7
178,Ambilobe,MG,2019-10-21 03:12:44,-13.19,49.05,70.16,80,0,5.91
179,Nishihara,JP,2019-10-21 03:12:44,35.74,139.53,73.0,68,90,13.87
180,Porbandar,IN,2019-10-21 03:12:45,21.64,69.61,78.8,74,20,9.17
181,Chapais,CA,2019-10-21 03:12:46,49.78,-74.86,41.0,86,90,4.7
182,Kirakira,SB,2019-10-21 03:12:46,-10.46,161.92,82.7,78,83,7.63
183,Bethel,US,2019-10-21 03:12:46,60.79,-161.76,35.6,100,90,8.05
184,Verbivka,UA,2019-10-21 03:12:47,47.97,38.14,52.44,81,8,5.19
185,Petropavlovsk-Kamchatskiy,RU,2019-10-21 03:12:47,53.05,158.65,48.2,29,0,4.47
186,Gamba,CN,2019-10-21 03:12:48,28.28,88.52,30.25,76,98,3.71
187,Cidreira,BR,2019-10-21 03:12:48,-30.17,-50.22,60.56,72,100,5.32
188,Cortez,US,2019-10-21 03:12:49,37.35,-108.58,39.2,25,1,10.29
189,Beringovskiy,RU,2019-10-21 03:12:49,63.05,179.32,19.45,76,100,6.73
190,Amapa,HN,2019-10-21 03:12:49,15.09,-87.97,66.2,144,20,4.7
191,Geraldton,CA,2019-10-21 03:12:50,49.72,-86.95,37.4,93,5,2.24
192,Grand Gaube,MU,2019-10-21 03:12:50,-20.01,57.66,72.0,94,90,6.93
193,North Bend,US,2019-10-21 03:12:52,43.41,-124.22,55.99,87,90,10.29
194,Raudeberg,NO,2019-10-21 03:12:52,61.99,5.14,42.01,86,100,4.7
195,Kushima,JP,2019-10-21 03:12:53,31.5,131.29,69.01,88,75,3.36
196,Vaini,IN,2019-10-21 03:12:53,15.34,74.49,71.6,100,75,2.24
197,Kumluca,TR,2019-10-21 03:12:54,36.37,30.29,52.35,46,0,6.69
198,Uni,RU,2019-10-21 03:12:54,57.75,51.49,40.33,99,100,6.44
199,Hilo,US,2019-10-21 03:12:55,19.71,-155.08,82.4,65,75,6.93
200,Tura,RU,2019-10-21 03:12:55,64.27,100.22,11.78,84,26,2.75
201,Homer,US,2019-10-21 03:12:56,59.64,-151.54,42.8,93,90,15.7
202,Makakilo City,US,2019-10-21 03:12:57,21.35,-158.09,84.2,74,75,8.05
203,Santa Cruz,BR,2019-10-21 03:12:57,-6.22,-36.02,69.08,87,38,6.04
204,Sorland,NO,2019-10-21 03:12:57,67.67,12.69,35.6,100,75,4.7
205,Nelson,CA,2019-10-21 03:12:58,49.49,-117.29,32.18,98,100,3.4
206,Klaksvik,FO,2019-10-21 03:12:58,62.23,-6.59,46.4,81,100,18.34
207,Gasa,BT,2019-10-21 03:12:59,27.91,89.73,30.59,92,98,7.74
208,Vallenar,CL,2019-10-21 03:12:59,-28.58,-70.76,50.79,70,0,2.21
209,Vao,EE,2019-10-21 03:12:59,59.1,26.19,49.37,89,100,14.07
210,Nambucca Heads,AU,2019-10-21 03:13:00,-30.64,152.99,73.99,49,0,10.29
211,Islahiye,TR,2019-10-21 03:13:00,37.03,36.63,66.0,82,75,1.12
212,Umm Kaddadah,SD,2019-10-21 03:13:01,13.6,26.69,84.48,50,95,6.24
213,Aasiaat,GL,2019-10-21 03:13:01,68.71,-52.87,26.25,76,67,10.49
214,Ahipara,NZ,2019-10-21 03:13:02,-35.17,173.16,70.0,64,45,16.15
215,La Paz,MX,2019-10-21 03:13:02,24.15,-110.32,73.4,73,5,5.82
216,Erzin,TR,2019-10-21 03:13:03,36.95,36.2,66.0,100,40,5.82
217,Lucapa,AO,2019-10-21 03:13:03,-8.42,20.74,65.42,94,79,2.28
218,San Rafael,AR,2019-10-21 03:13:04,-34.61,-68.33,61.79,25,0,8.52
219,Bluff,AU,2019-10-21 03:10:21,-23.58,149.07,85.13,28,0,12.08
220,Lazaro Cardenas,MX,2019-10-21 03:13:05,28.39,-105.62,66.99,52,5,6.93
221,Dangara,IN,2019-10-21 03:13:06,29.68,75.89,76.94,29,0,2.84
222,Torbay,CA,2019-10-21 03:13:07,47.66,-52.73,44.01,87,90,12.75
223,Paamiut,GL,2019-10-21 03:13:07,61.99,-49.67,39.9,62,0,12.33
224,Karema,TZ,2019-10-21 03:13:08,-6.82,30.44,76.62,68,79,1.52
225,Manado,ID,2019-10-21 03:13:08,1.49,124.85,91.4,55,40,5.82
226,Yuxia,CN,2019-10-21 03:13:08,34.06,108.63,59.0,100,100,6.71
227,Novyy Svit,UA,2019-10-21 03:13:09,47.81,38.02,52.44,81,8,5.19
228,Turtas,RU,2019-10-21 03:13:09,58.94,69.13,27.06,63,100,12.01
229,Clyde River,CA,2019-10-21 03:13:10,70.47,-68.59,28.4,92,90,8.05
230,Sayyan,YE,2019-10-21 03:13:10,15.17,44.32,63.95,29,53,4.56
231,Hamilton,CA,2019-10-21 03:13:11,43.26,-79.87,51.8,100,1,2.24
232,Slyudyanka,RU,2019-10-21 03:13:11,51.66,103.72,28.85,79,100,4.47
233,Crib Point,AU,2019-10-21 03:13:12,-38.35,145.2,64.99,76,55,1.99
234,Edd,ER,2019-10-21 03:13:12,13.93,41.69,82.9,61,0,1.36
235,Novyy Urengoy,RU,2019-10-21 03:13:13,66.08,76.63,27.42,94,100,11.34
236,Itoigawa,JP,2019-10-21 03:13:13,37.02,137.87,66.99,93,100,1.99
237,Lata,IN,2019-10-21 03:13:14,30.78,78.62,32.72,40,2,2.59
238,Rapar,IN,2019-10-21 03:13:14,23.57,70.65,81.46,64,57,7.0
239,Alofi,NU,2019-10-21 03:13:14,-19.06,-169.92,77.0,94,4,4.7
240,Solms,DE,2019-10-21 03:13:15,50.53,8.41,59.0,93,90,4.7
241,Letterkenny,IE,2019-10-21 03:13:15,54.95,-7.73,43.5,76,92,2.44
242,Gazojak,TM,2019-10-21 03:13:16,41.19,61.4,50.48,27,0,6.87
243,Bitung,ID,2019-10-21 03:13:16,1.44,125.19,91.4,55,40,5.82
244,Matara,BI,2019-10-21 03:13:17,-3.48,29.48,51.85,88,100,1.16
245,Blandiana,RO,2019-10-21 03:13:17,45.98,23.39,43.0,93,20,1.54
246,Pauini,BR,2019-10-21 03:13:17,-7.71,-67.0,73.2,89,90,0.96
247,Udachnyy,RU,2019-10-21 03:13:18,66.42,112.4,6.8,92,0,2.24
248,Evensk,RU,2019-10-21 03:13:18,61.92,159.24,23.48,52,95,2.59
249,Hwange,ZW,2019-10-21 03:13:19,-18.35,26.5,69.78,21,0,1.34
250,Nikolskoye,RU,2019-10-21 03:13:19,59.7,30.79,51.8,81,75,15.66
251,Nuuk,GL,2019-10-21 03:13:20,64.17,-51.74,32.0,51,0,13.87
252,Kloulklubed,PW,2019-10-21 03:13:20,7.04,134.26,86.0,70,75,3.36
253,Ishigaki,JP,2019-10-21 03:13:21,24.34,124.16,77.0,73,75,11.41
254,Ninghai,CN,2019-10-21 03:13:21,29.29,121.42,73.0,60,40,8.95
255,Almendralejo,ES,2019-10-21 03:13:21,38.68,-6.41,48.0,88,67,1.01
256,Bend,US,2019-10-21 03:13:21,44.06,-121.32,53.6,57,1,6.93
257,Hami,CN,2019-10-21 03:13:22,42.84,93.51,55.36,17,0,3.09
258,Nantucket,US,2019-10-21 03:13:22,41.28,-70.1,55.99,93,40,5.82
259,Hegang,CN,2019-10-21 03:13:23,47.34,130.28,48.56,30,0,11.34
260,Saldanha,PT,2019-10-21 03:13:23,41.42,-6.55,44.81,91,0,1.66
261,Suntar,RU,2019-10-21 03:13:23,62.16,117.65,25.73,89,100,8.99
262,Fortuna,US,2019-10-21 03:13:23,40.6,-124.16,55.99,76,90,4.7
263,San Cristobal,HN,2019-10-21 03:13:24,14.68,-86.92,67.47,86,35,4.36
264,Baruun-Urt,MN,2019-10-21 03:13:24,46.68,113.28,39.03,33,96,3.4
265,Miri,NG,2019-10-21 03:13:24,10.31,9.75,70.44,88,100,3.18
266,Marzuq,YE,2019-10-21 03:13:24,14.4,46.47,62.51,25,48,2.64
267,San Fernando,TT,2019-10-21 03:13:25,10.28,-61.46,75.99,94,20,8.01
268,Dicabisagan,PH,2019-10-21 03:13:25,17.08,122.42,82.65,76,41,4.29
269,Ponta Do Sol,BR,2019-10-21 03:13:26,-20.63,-46.0,68.63,81,17,1.3
270,Kruisfontein,ZA,2019-10-21 03:13:26,-34.0,24.73,55.29,92,97,10.65
271,Bathsheba,BB,2019-10-21 03:13:27,13.22,-59.52,78.8,83,20,3.36
272,Havre-Saint-Pierre,CA,2019-10-21 03:13:27,50.23,-63.6,37.4,84,20,5.82
273,Ayr,AU,2019-10-21 03:13:27,-19.58,147.4,82.99,61,91,11.01
274,Coria,ES,2019-10-21 03:13:28,39.98,-6.54,41.0,74,15,1.7
275,Komsomolskiy,RU,2019-10-21 03:13:28,67.55,63.78,12.86,87,0,4.43
276,Aljezur,PT,2019-10-21 03:13:28,37.31,-8.8,54.0,91,64,10.0
277,Sorong,ID,2019-10-21 03:13:29,-0.86,131.25,81.32,85,100,5.44
278,Novoagansk,RU,2019-10-21 03:13:29,61.94,76.66,26.7,48,100,16.8
279,Mokrous,RU,2019-10-21 03:13:31,51.24,47.51,43.59,91,74,6.38
280,Faanui,PF,2019-10-21 03:13:32,-16.48,-151.75,80.06,75,80,5.59
281,Kargil,PK,2019-10-21 03:13:32,34.56,76.13,31.42,45,0,4.92
282,Emmett,US,2019-10-21 03:13:33,43.87,-116.5,48.2,61,90,5.82
283,Tutoia,BR,2019-10-21 03:13:33,-2.76,-42.27,74.04,93,77,4.29
284,Arica,CL,2019-10-21 03:13:33,-18.48,-70.32,60.8,77,0,4.7
285,Cherskiy,RU,2019-10-21 03:13:34,68.75,161.3,4.76,90,0,1.63
286,Longyan,CN,2019-10-21 03:13:34,25.1,117.03,73.45,34,0,3.49
287,Parnamirim,BR,2019-10-21 03:13:34,-5.92,-35.27,78.8,83,40,12.75
288,Mapimi,MX,2019-10-21 03:13:34,25.82,-103.85,80.6,39,40,5.82
289,Saint-Francois,FR,2019-10-21 03:13:35,46.42,3.91,53.6,100,75,2.24
290,Eureka,US,2019-10-21 03:13:35,40.8,-124.16,55.99,76,90,4.7
291,Hasaki,JP,2019-10-21 03:13:35,35.73,140.83,68.0,72,75,13.87
292,Shahrud,IR,2019-10-21 03:13:36,36.42,54.97,38.15,94,100,2.3
293,Pilot Butte,CA,2019-10-21 03:13:36,50.48,-104.42,33.8,74,5,4.7
294,Cervo,BR,2019-10-21 03:13:37,-22.19,-46.24,63.01,86,4,3.09
295,Isangel,VU,2019-10-21 03:13:37,-19.55,169.27,84.2,70,75,9.17
296,Montepuez,MZ,2019-10-21 03:13:37,-13.13,39.0,71.9,81,0,4.36
297,Dawson Creek,CA,2019-10-21 03:13:38,55.76,-120.23,35.6,93,75,2.24
298,Barrow,AR,2019-10-21 03:13:38,-38.31,-60.23,55.7,60,100,9.66
299,Irece,BR,2019-10-21 03:13:38,-11.3,-41.86,74.22,49,38,4.21
300,Saint-Augustin,CA,2019-10-21 03:13:39,45.63,-73.98,45.0,86,40,2.24
301,Okhotsk,RU,2019-10-21 03:13:39,59.36,143.24,33.26,56,96,7.76
302,Saint-Philippe,CA,2019-10-21 03:13:40,45.36,-73.48,45.0,100,1,3.98
303,Carndonagh,IE,2019-10-21 03:13:40,55.25,-7.27,49.56,64,89,8.23
304,Chapada Dos Guimaraes,BR,2019-10-21 03:13:40,-15.46,-55.75,84.2,62,0,3.36
305,High Level,CA,2019-10-21 03:13:41,58.52,-117.13,33.8,92,90,2.24
306,Sao Joao Da Barra,BR,2019-10-21 03:13:41,-21.64,-41.05,66.5,73,97,4.25
307,Aswan,EG,2019-10-21 03:13:41,24.09,32.9,75.2,23,0,6.93
308,Onda,ES,2019-10-21 03:13:41,39.96,-0.26,55.99,87,0,3.36
309,Sao Filipe,CV,2019-10-21 03:13:42,14.9,-24.5,77.68,85,87,20.2
310,Qasigiannguit,GL,2019-10-21 03:13:42,68.82,-51.19,17.6,67,45,2.24
311,Ulaangom,MN,2019-10-21 03:13:43,49.98,92.07,33.45,80,96,10.92
312,Svetlaya,RU,2019-10-21 03:13:43,46.54,138.33,53.47,60,52,2.82
313,Manggar,ID,2019-10-21 03:13:44,-2.88,108.27,89.9,52,100,9.8
314,Cape Canaveral,US,2019-10-21 03:13:44,28.41,-80.6,81.0,100,1,4.7
315,Ibotirama,BR,2019-10-21 03:13:45,-12.18,-43.22,78.08,46,99,2.84
316,Huarmey,PE,2019-10-21 03:13:45,-10.07,-78.15,61.41,90,100,17.6
317,Banda Aceh,ID,2019-10-21 03:13:45,5.56,95.32,81.91,77,100,8.7
318,Elyakhin,IL,2019-10-21 03:13:46,32.41,34.92,71.01,83,0,3.36
319,Verkhnyaya Inta,RU,2019-10-21 03:13:46,65.99,60.32,17.96,88,3,8.52
320,Lorengau,PG,2019-10-21 03:13:46,-2.02,147.27,82.52,81,94,10.65
321,Cayenne,GF,2019-10-21 03:13:47,4.94,-52.33,73.4,100,20,1.12
322,Krasnotorka,UA,2019-10-21 03:13:47,48.68,37.52,50.28,82,3,3.42
323,Haradok,BY,2019-10-21 03:13:48,55.46,29.99,50.0,93,68,6.71
324,Pacific Grove,US,2019-10-21 03:13:48,36.62,-121.92,64.4,63,1,14.27
325,Sinnamary,GF,2019-10-21 03:13:48,5.38,-52.96,81.19,80,1,12.39
326,Sinaloa,MX,2019-10-21 03:13:49,32.55,-115.28,77.0,15,5,5.82
327,Porangatu,BR,2019-10-21 03:13:49,-13.44,-49.14,79.75,54,42,3.06
328,Havoysund,NO,2019-10-21 03:13:50,71.0,24.66,33.8,74,75,28.86
329,Houma,CN,2019-10-21 03:13:50,35.63,111.36,61.86,38,30,5.64
330,Waingapu,ID,2019-10-21 03:13:50,-9.65,120.26,89.34,44,17,15.26
331,Ancud,CL,2019-10-21 03:13:51,-41.87,-73.83,42.8,87,75,4.7
332,Namie,JP,2019-10-21 03:13:52,37.52,140.86,70.0,82,75,4.7
333,Ahuimanu,US,2019-10-21 03:13:53,21.44,-157.84,84.2,69,20,8.05
334,Inirida,CO,2019-10-21 03:13:53,3.87,-67.92,73.76,95,100,1.79
335,Kulhudhuffushi,MV,2019-10-21 03:13:54,6.62,73.07,79.71,75,100,14.47
336,Srednekolymsk,RU,2019-10-21 03:13:54,67.46,153.71,15.8,93,85,3.67
337,Vardo,US,2019-10-21 03:13:54,39.62,-77.74,54.0,93,90,6.93
338,Sitka,US,2019-10-21 03:13:55,37.17,-99.65,57.0,34,50,30.0
339,Kedougou,SN,2019-10-21 03:13:55,12.56,-12.19,74.35,84,81,3.65
340,Vidalia,US,2019-10-21 03:13:56,31.57,-91.43,77.0,83,1,12.75
341,Port Lincoln,AU,2019-10-21 03:13:56,-34.72,135.86,63.32,71,100,7.18
342,Moscow,RU,2019-10-21 03:13:56,55.75,37.62,55.4,87,0,4.47
343,Sakaiminato,JP,2019-10-21 03:13:57,35.55,133.23,69.8,68,75,14.99
344,Denpasar,ID,2019-10-21 03:13:57,-8.65,115.22,86.0,74,20,11.41
345,Balakhta,RU,2019-10-21 03:13:58,55.38,91.62,19.79,62,0,5.99
346,Lake Havasu City,US,2019-10-21 03:13:58,34.47,-114.34,73.4,9,1,13.87
347,Qaqortoq,GL,2019-10-21 03:13:59,60.72,-46.03,33.8,86,0,12.75
348,Kalengwa,ZM,2019-10-21 03:13:59,-13.47,25.0,61.82,42,0,4.0
349,Nea Fokaia,GR,2019-10-21 03:13:59,40.13,23.4,63.0,93,20,5.82
350,Kamina,CD,2019-10-21 03:14:00,-8.74,25.0,64.16,93,7,2.46
351,Zenzeli,RU,2019-10-21 03:14:00,45.92,47.05,53.27,73,3,6.4
352,Rocha,UY,2019-10-21 03:14:00,-34.48,-54.34,51.22,93,100,5.28
353,Beira,ES,2019-10-21 03:14:01,43.2,-8.36,46.99,100,90,3.36
354,Baykit,RU,2019-10-21 03:14:01,61.68,96.39,18.19,74,97,4.47
355,Dudinka,RU,2019-10-21 03:14:02,69.41,86.18,19.4,85,75,20.13
356,Port Hedland,AU,2019-10-21 03:14:02,-20.31,118.58,104.0,16,16,13.87
357,Krasnyy Chikoy,RU,2019-10-21 03:14:02,50.36,108.75,33.92,55,100,1.39
358,Yatou,CM,2019-10-21 03:14:02,3.63,9.81,75.2,100,75,8.34
359,Cam Ranh,VN,2019-10-21 03:14:03,11.92,109.15,87.8,70,20,14.99
360,Mutsu,JP,2019-10-21 03:14:03,41.29,141.2,64.4,55,40,10.29
361,Tigre,AR,2019-10-21 03:14:03,-34.42,-58.58,57.2,87,90,9.17
362,Sioux Lookout,CA,2019-10-21 03:14:04,50.1,-91.92,48.2,93,90,4.03
363,Fremont,US,2019-10-21 03:14:04,37.55,-121.99,63.0,51,1,2.57
364,Aksu,KZ,2019-10-21 03:14:05,52.04,76.93,15.8,100,20,4.47
365,Lavello,IT,2019-10-21 03:14:05,41.05,15.79,62.6,88,90,4.7
366,Dogondoutchi,NE,2019-10-21 03:14:06,13.64,4.03,79.91,67,37,8.99
367,Yar-Sale,RU,2019-10-21 03:14:06,66.83,70.83,21.45,94,19,9.44
368,Marechal Candido Rondon,BR,2019-10-21 03:14:06,-24.56,-54.06,69.09,96,70,0.63
369,Dickinson,US,2019-10-21 03:14:07,46.88,-102.79,43.0,60,90,11.41
370,Voh,NC,2019-10-21 03:14:07,-20.95,164.69,75.99,74,1,13.24
371,Araouane,ML,2019-10-21 03:14:08,18.9,-3.53,87.83,20,0,9.31
372,Yamada,JP,2019-10-21 03:14:08,36.58,137.08,68.0,72,75,1.12
373,Tchibanga,GA,2019-10-21 03:14:09,-2.92,11.0,71.54,97,76,2.17
374,Guerrero Negro,MX,2019-10-21 03:14:09,27.97,-114.04,67.49,81,0,14.85
375,Gobabis,NA,2019-10-21 03:14:09,-22.45,18.97,68.36,21,0,12.62
376,Eyl,SO,2019-10-21 03:14:10,7.98,49.82,76.1,79,99,6.8
377,Pergine Valsugana,IT,2019-10-21 03:14:10,46.06,11.24,66.99,100,90,29.97
378,Ukiah,US,2019-10-21 03:14:10,39.15,-123.21,66.2,45,1,5.82
379,Khasan,RU,2019-10-21 03:14:11,42.43,130.64,61.8,37,0,13.18
380,Kadoma,JP,2019-10-21 03:14:11,34.73,135.6,71.6,68,75,9.17
381,Rawatsar,IN,2019-10-21 03:14:11,29.26,74.4,78.31,26,0,3.87
382,Calama,CL,2019-10-21 03:14:12,-22.46,-68.93,52.0,19,0,4.7
383,Nicoya,CR,2019-10-21 03:14:12,10.15,-85.45,75.2,94,75,5.82
384,Kamaishi,JP,2019-10-21 03:14:12,39.28,141.86,62.6,63,75,2.24
385,Biak,ID,2019-10-21 03:14:13,-0.91,122.88,76.51,57,9,7.54
386,Wuhan,CN,2019-10-21 03:14:13,30.6,114.3,75.2,44,93,6.71
387,Mitchell,US,2019-10-21 03:14:13,43.71,-98.03,51.8,81,75,12.75
388,Yangambi,CD,2019-10-21 03:14:14,0.77,24.47,68.63,95,100,1.28
389,Estelle,FR,2019-10-21 03:14:14,43.97,3.47,60.01,87,0,3.36
390,Jutai,BR,2019-10-21 03:14:15,-1.71,-47.89,72.84,98,100,1.48
391,Kijang,KR,2019-10-21 03:14:15,35.24,129.21,73.4,46,40,14.99
392,Aklavik,CA,2019-10-21 03:14:16,68.22,-135.01,15.8,72,20,10.29
393,Ormara,PK,2019-10-21 03:14:16,25.21,64.64,83.73,26,0,4.18
394,Altay,CN,2019-10-21 03:14:16,47.83,88.13,25.59,95,100,4.74
395,Ouro Preto,BR,2019-10-21 03:14:17,-20.39,-43.5,60.85,90,39,5.41
396,Coos Bay,US,2019-10-21 03:14:17,43.37,-124.22,57.99,87,90,10.29
397,Waipawa,NZ,2019-10-21 03:14:17,-39.94,176.59,60.01,58,2,14.0
398,Tevaitoa,PF,2019-10-21 03:14:18,-16.78,-151.5,79.97,74,100,6.22
399,Kavieng,PG,2019-10-21 03:14:18,-2.57,150.8,80.11,77,100,3.6
400,Taltal,CL,2019-10-21 03:14:19,-25.41,-70.49,52.16,73,0,3.89
401,Umba,RU,2019-10-21 03:14:19,66.69,34.34,23.05,92,88,3.18
402,Talisay,PH,2019-10-21 03:14:19,10.25,123.85,87.8,66,40,5.82
403,Liku,ID,2019-10-21 03:14:19,-0.73,119.89,82.54,68,91,3.0
404,La Rioja,AR,2019-10-21 03:14:20,-29.41,-66.86,59.32,50,0,2.48
405,Malindi,KE,2019-10-21 03:14:20,-3.22,40.12,72.77,95,2,6.38
406,Boende,CD,2019-10-21 03:14:21,-0.28,20.88,69.13,98,91,2.24
407,Roald,NO,2019-10-21 03:14:21,62.58,6.12,41.0,93,89,2.24
408,Norman Wells,CA,2019-10-21 03:14:21,65.28,-126.83,28.4,92,90,2.24
409,Edson,CA,2019-10-21 03:14:22,53.59,-116.44,39.2,48,90,3.36
410,Chai Badan,TH,2019-10-21 03:14:22,15.2,101.13,91.0,51,49,11.27
411,Moree,AU,2019-10-21 03:14:22,-29.46,149.84,78.8,26,40,9.17
412,Tiksi,RU,2019-10-21 03:14:23,71.64,128.87,2.4,90,61,6.46
413,Royan,FR,2019-10-21 03:14:23,45.62,-1.03,50.0,100,40,2.24
414,Tigil,RU,2019-10-21 03:14:24,57.8,158.67,32.32,99,100,11.59
415,Ishinomaki,JP,2019-10-21 03:14:24,38.42,141.3,66.2,55,75,4.7
416,Upata,VE,2019-10-21 03:14:24,8.02,-62.41,77.0,88,30,3.0
417,Jumla,NP,2019-10-21 03:14:25,29.28,82.18,52.26,49,0,1.43
418,Mitu,IR,2019-10-21 03:14:25,36.2,46.09,48.93,76,84,0.98
419,Qinzhou,CN,2019-10-21 03:14:26,21.96,108.62,82.74,61,0,6.33
420,Comodoro Rivadavia,AR,2019-10-21 03:14:26,-45.87,-67.48,64.4,55,0,9.48
421,Basak,PH,2019-10-21 03:14:26,10.29,123.96,87.8,66,40,5.82
422,Yenotayevka,RU,2019-10-21 03:14:27,47.24,47.04,49.94,75,5,7.18
423,Mehamn,NO,2019-10-21 03:14:27,71.03,27.85,32.0,80,0,24.16
424,Shahganj,IN,2019-10-21 03:14:28,26.06,82.68,75.2,88,75,9.46
425,Tres Marias,MX,2019-10-21 03:14:28,19.06,-99.24,66.2,59,5,9.17
426,Dalby,AU,2019-10-21 03:14:28,-27.18,151.26,82.99,35,0,12.75
427,Ayan,IR,2019-10-21 03:14:29,38.23,44.7,51.8,100,90,2.24
428,Isiro,CD,2019-10-21 03:14:29,2.77,27.62,68.05,99,100,2.53
429,Dandong,CN,2019-10-21 03:14:29,40.12,124.37,66.83,64,73,5.95
430,Forestville,CA,2019-10-21 03:14:30,48.74,-69.09,35.6,86,40,5.82
431,Yermakovskoye,RU,2019-10-21 03:14:30,53.28,92.4,23.81,72,89,8.57
432,Jeremie,HT,2019-10-21 03:14:31,18.65,-74.12,80.67,78,100,4.63
433,Sattahip,TH,2019-10-21 03:14:31,12.67,100.9,87.8,55,20,6.93
434,Floriano,BR,2019-10-21 03:14:31,-6.77,-43.02,78.8,71,35,4.5
435,Karasjok,NO,2019-10-21 03:14:32,69.47,25.52,24.8,68,33,27.51
436,Kollegal,IN,2019-10-21 03:14:32,12.16,77.11,73.4,94,75,1.88
437,Maceio,BR,2019-10-21 03:14:33,-9.67,-35.74,71.6,94,0,5.82
438,Ha Giang,VN,2019-10-21 03:14:33,22.83,104.99,67.62,78,77,4.7
439,Sedalia,US,2019-10-21 03:14:33,38.7,-93.23,61.0,87,1,13.87
440,Broken Hill,AU,2019-10-21 03:14:34,-31.97,141.45,73.4,22,0,11.41
441,Fairbanks,US,2019-10-21 03:14:34,64.84,-147.72,36.0,69,75,2.95
442,Bosaso,SO,2019-10-21 03:14:35,11.28,49.18,81.19,67,2,8.32
443,Marsabit,KE,2019-10-21 03:14:35,2.34,37.99,80.29,58,10,10.4
444,Chivilcoy,AR,2019-10-21 03:14:35,-34.9,-60.02,53.47,69,100,4.32
445,Norman,US,2019-10-21 03:14:36,35.22,-97.44,71.6,78,40,14.99
446,Te Anau,NZ,2019-10-21 03:14:36,-45.41,167.72,40.44,86,86,9.35
447,Lithgow,AU,2019-10-21 03:14:37,-33.48,150.16,75.99,35,16,5.82
448,Gravdal,NO,2019-10-21 03:14:37,59.79,5.78,43.0,93,0,5.82
449,Kenai,US,2019-10-21 03:14:38,60.55,-151.26,42.01,80,90,10.29
450,Nargana,PA,2019-10-21 03:14:38,9.44,-78.59,78.08,85,74,10.58
451,La Rinconada,PE,2019-10-21 03:14:38,-14.63,-69.45,36.06,89,100,2.8
452,Naze,NG,2019-10-21 03:14:39,5.43,7.07,73.13,96,100,2.62
453,Faya,SA,2019-10-21 03:14:39,18.39,42.45,57.2,37,0,3.31
454,Susanville,US,2019-10-21 03:14:40,40.42,-120.65,53.6,54,1,5.82
455,Nemuro,JP,2019-10-21 03:14:40,43.32,145.57,60.8,59,20,3.36
456,Zaraza,VE,2019-10-21 03:14:40,9.35,-65.33,73.7,92,63,4.68
457,Vilyuysk,RU,2019-10-21 03:14:41,63.75,121.63,29.78,90,100,6.62
458,Guozhen,CN,2019-10-21 03:14:41,29.3,113.14,79.01,37,25,2.39
459,Severnyy-Kospashskiy,RU,2019-10-21 03:14:42,59.09,57.8,32.0,100,100,1.01
460,Lysyye Gory,RU,2019-10-21 03:14:42,51.55,44.84,45.23,92,46,7.11
461,Tuma,RU,2019-10-21 03:14:43,55.15,40.55,54.0,82,100,4.0
462,Banjarmasin,ID,2019-10-21 03:14:43,-3.32,114.59,89.6,59,40,6.93
463,San Quintin,PH,2019-10-21 03:14:43,17.54,120.52,86.28,61,50,3.33
464,Gazanjyk,TM,2019-10-21 03:14:44,39.24,55.52,58.67,89,0,8.79
465,Madarounfa,NE,2019-10-21 03:14:45,13.3,7.16,80.65,54,53,4.81
466,Lexington,US,2019-10-21 03:14:45,38.05,-84.5,60.8,87,75,5.82
467,Shache,CN,2019-10-21 03:14:46,38.42,77.24,54.0,97,95,0.6
468,Emerald,AU,2019-10-21 03:14:47,-23.53,148.16,86.0,30,0,10.29
469,Puerto Carreno,CO,2019-10-21 03:14:47,6.19,-67.49,80.6,83,40,1.88
470,Chalchihuites,MX,2019-10-21 03:14:48,23.48,-103.88,60.27,84,100,7.36
471,Marquette,US,2019-10-21 03:14:48,46.54,-87.4,48.2,76,1,5.82
472,Taitung,TW,2019-10-21 03:14:49,22.76,121.15,82.4,61,20,12.75
473,Saint Anthony,US,2019-10-21 03:14:49,43.97,-111.68,37.4,59,1,12.75
474,Nizwa,OM,2019-10-21 03:14:49,22.93,57.53,75.05,31,0,2.46
475,Irtyshskiy,RU,2019-10-21 03:14:50,58.33,68.13,26.96,67,100,12.1
476,Suamico,US,2019-10-21 03:14:50,44.63,-88.04,50.0,93,1,3.78
477,Valenza,IT,2019-10-21 03:14:51,45.01,8.65,64.0,100,75,13.87
478,Northam,AU,2019-10-21 03:14:51,-31.65,116.67,69.8,52,20,11.41
479,Puerto Suarez,BO,2019-10-21 03:14:52,-18.96,-57.8,77.45,75,100,2.28
480,Visby,SE,2019-10-21 03:14:52,57.64,18.3,50.0,100,100,3.36
481,Morales,GT,2019-10-21 03:14:52,15.47,-88.84,80.6,94,0,2.51
482,Anori,BR,2019-10-21 03:14:52,-3.74,-61.66,73.43,97,100,3.42
483,Wabana,CA,2019-10-21 03:14:53,47.63,-52.95,44.01,87,90,12.75
484,Antsohihy,MG,2019-10-21 03:14:53,-14.88,47.99,75.99,65,19,12.41
485,Nicolas Bravo,MX,2019-10-21 03:14:53,24.39,-104.74,66.2,88,90,8.05
486,Otradnoye,RU,2019-10-21 03:14:54,59.77,30.8,51.8,81,75,15.66
487,Alihe,CN,2019-10-21 03:14:54,50.57,123.73,38.03,38,0,15.05
488,Qingdao,CN,2019-10-21 03:14:54,36.09,120.35,75.99,60,48,2.24
489,Smirnykh,RU,2019-10-21 03:14:55,49.74,142.83,50.99,53,4,3.42
490,Mount Gambier,AU,2019-10-21 03:14:55,-37.83,140.78,59.0,67,40,3.36
491,Kyakhta,RU,2019-10-21 03:14:56,50.35,106.45,32.95,63,100,3.96
492,Krasnyy Oktyabr,RU,2019-10-21 03:14:56,56.12,38.88,51.08,95,99,7.99
493,Bonthe,SL,2019-10-21 03:14:57,7.53,-12.5,77.09,85,94,1.9
494,Khandyga,RU,2019-10-21 03:14:57,62.65,135.58,27.71,80,0,4.68
495,Ugoofaaru,MV,2019-10-21 03:14:58,5.67,73.0,80.88,76,100,10.36
496,Khandbari,NP,2019-10-21 03:14:58,27.38,87.21,55.86,71,100,3.2
497,Camacha,PT,2019-10-21 03:14:59,33.08,-16.33,66.2,55,20,10.29
498,Mahibadhoo,MV,2019-10-21 03:14:59,3.78,72.97,83.35,71,100,9.15
499,Aguimes,ES,2019-10-21 03:15:00,27.91,-15.45,69.8,68,75,13.87
500,Quatre Cocos,MU,2019-10-21 03:15:00,-20.21,57.76,72.0,88,90,11.41
501,Pevek,RU,2019-10-21 03:15:00,69.7,170.27,27.78,72,98,12.77
502,Peleduy,RU,2019-10-21 03:15:01,59.63,112.75,24.36,84,100,5.41
503,Mamakan,RU,2019-10-21 03:15:01,57.82,114.02,21.93,92,100,4.85
504,Alice Springs,AU,2019-10-21 03:15:02,-23.7,133.88,80.6,10,0,10.29
505,Tamale,GH,2019-10-21 03:15:02,9.4,-0.84,74.37,89,88,4.03
506,Zhangye,CN,2019-10-21 03:15:03,38.94,100.46,50.18,31,10,4.81
507,Hervey Bay,AU,2019-10-21 03:15:03,-25.3,152.85,81.0,44,40,21.92
508,Poum,MK,2019-10-21 03:15:03,41.28,20.71,44.6,93,20,4.7
509,Belaya Gora,RU,2019-10-21 03:15:04,68.54,146.19,13.49,93,79,1.23
510,Princeton,US,2019-10-21 03:15:04,40.35,-74.66,53.6,100,90,9.17
511,Kavaratti,IN,2019-10-21 03:15:05,10.57,72.64,82.47,78,100,11.12
512,Santa Marta,CO,2019-10-21 03:15:05,11.24,-74.21,82.4,78,75,14.52
513,Hvittingfoss,NO,2019-10-21 03:15:06,59.48,10.01,37.99,100,0,4.7
514,Maniitsoq,GL,2019-10-21 03:15:06,65.42,-52.9,36.15,49,0,7.49
515,Nago,IT,2019-10-21 03:15:07,45.88,10.89,64.99,77,20,8.05
516,Belmonte,PT,2019-10-21 03:15:07,40.36,-7.35,41.0,95,0,0.89
517,Gerash,IR,2019-10-21 03:15:08,27.67,54.14,64.4,63,0,1.92
518,Siverek,TR,2019-10-21 03:15:08,37.75,39.32,57.2,87,75,9.17
519,Kuryk,KZ,2019-10-21 03:15:08,43.18,51.68,53.74,48,0,8.52
520,Iquitos,PE,2019-10-21 03:15:09,-3.75,-73.25,77.0,88,75,3.36
521,Astaneh-Ye Ashrafiyeh,IR,2019-10-21 03:15:10,37.26,49.94,64.4,93,90,4.9
522,Anadyr,RU,2019-10-21 03:15:10,64.73,177.51,23.0,92,90,11.18
523,Quelimane,MZ,2019-10-21 03:15:10,-17.88,36.89,75.2,83,0,4.7
524,Kiunga,PG,2019-10-21 03:15:11,-6.12,141.3,93.05,45,66,2.48
525,Bamnet Narong,TH,2019-10-21 03:15:12,15.5,101.69,80.4,68,53,12.15
526,Talaya,RU,2019-10-21 03:15:12,55.79,84.89,16.0,92,0,2.24
527,Kaeo,NZ,2019-10-21 03:15:12,-35.1,173.78,70.0,64,0,11.79
528,Council Bluffs,US,2019-10-21 03:15:13,41.26,-95.86,55.4,100,90,5.82
529,Ossora,RU,2019-10-21 03:15:13,59.24,163.07,29.53,75,0,3.04
530,Auchi,NG,2019-10-21 03:15:13,7.07,6.27,69.96,97,64,0.58
531,Kudahuvadhoo,MV,2019-10-21 03:15:14,2.67,72.89,82.76,72,90,7.99
532,Koshurnikovo,RU,2019-10-21 03:15:14,54.3,93.39,18.15,76,25,4.29
533,Saint-Joseph,FR,2019-10-21 03:15:15,43.56,6.97,64.4,100,100,4.7
534,Leh,IN,2019-10-21 03:15:16,34.16,77.58,22.76,39,72,1.86
535,Sept-Iles,CA,2019-10-21 03:15:16,50.2,-66.38,28.4,92,5,4.43
536,Constanta,RO,2019-10-21 03:15:17,44.18,28.65,59.0,100,75,3.36
537,Luau,CD,2019-10-21 03:15:17,-10.7,22.23,65.69,90,100,3.51
538,Kahama,TZ,2019-10-21 03:15:18,-3.83,32.6,70.19,74,96,1.03
539,Imeni Poliny Osipenko,RU,2019-10-21 03:15:18,52.42,136.49,43.25,82,100,4.9
540,Keti Bandar,PK,2019-10-21 03:15:18,24.14,67.45,84.39,66,67,5.91
541,Bestobe,KZ,2019-10-21 03:15:19,52.5,73.1,16.95,83,0,5.77
542,Manbij,SY,2019-10-21 03:15:19,36.53,37.96,57.2,50,75,5.03
543,Sydney Mines,CA,2019-10-21 03:15:19,46.24,-60.22,45.0,86,20,10.29
544,Tha Mai,TH,2019-10-21 03:15:20,12.62,102.01,93.0,70,20,3.36
545,Abdanan,IR,2019-10-21 03:15:20,32.99,47.42,61.84,53,95,4.88
546,Corrente,BR,2019-10-21 03:15:20,-17.45,-44.68,73.25,71,76,2.01
547,Lujan,AR,2019-10-21 03:15:21,-46.57,-67.67,57.72,38,100,20.58
548,Nampula,MZ,2019-10-21 03:15:21,-15.12,39.26,69.8,94,20,9.17
549,Baculin,PH,2019-10-21 03:15:21,7.45,126.58,81.98,73,54,5.28
550,Amontada,BR,2019-10-21 03:15:22,-3.36,-39.83,74.37,88,84,5.48
551,Westport,US,2019-10-21 03:15:22,41.14,-73.36,54.0,87,90,12.75
