,City,Country,Date,Lat,Lng,Max Temp,Humidity,Cloudiness,Wind Speed,Rain in Last 3 Hours (inches),Snow in Last 3 Hours (inches),Weather Description
0,Carnarvon,ZA,2019-10-22 06:22:58,-30.97,22.13,52.43,47,0,10.33,0.0,0.0,clear sky
1,Isla Mujeres,MX,2019-10-22 06:25:23,21.23,-86.73,82.4,83,5,9.17,0.0,0.0,clear sky
2,Arraial Do Cabo,BR,2019-10-22 06:22:39,-22.97,-42.02,70.2,74,76,11.52,0.0,0.0,broken clouds
3,Vestmanna,FO,2019-10-22 06:25:24,62.16,-7.17,41.0,75,83,10.29,0.0,0.0,light rain
4,Eltham,GB,2019-10-22 06:25:24,51.45,0.05,48.2,93,24,4.7,0.0,0.0,few clouds
5,Sao Gabriel Da Cachoeira,BR,2019-10-22 06:25:24,-0.13,-67.09,72.43,89,42,1.12,0.0,0.0,scattered clouds
6,Novoagansk,RU,2019-10-22 06:25:25,61.94,76.66,28.65,80,24,13.91,0.0,0.0,few clouds
7,Khatanga,RU,2019-10-22 06:23:08,71.98,102.47,16.77,92,100,15.26,0.0,0.13,light snow
8,Shingu,JP,2019-10-22 06:25:25,33.72,135.99,75.2,57,40,16.11,0.0,0.0,scattered clouds
9,Esperance,AU,2019-10-22 06:23:31,-33.86,121.89,68.0,64,0,16.11,0.0,0.0,clear sky
10,Butaritari,KI,2019-10-22 06:22:51,3.07,172.79,84.4,76,3,12.41,0.31,0.0,light rain
11,Jalu,LY,2019-10-22 06:23:29,29.03,21.55,70.05,68,0,6.55,0.0,0.0,clear sky
12,Kapaa,US,2019-10-22 06:22:34,22.08,-159.32,80.6,83,90,14.99,0.0,0.0,overcast clouds
13,Georgetown,GY,2019-10-22 06:23:06,6.8,-58.16,73.4,100,20,2.24,0.0,0.0,few clouds
14,Hermanus,ZA,2019-10-22 06:22:28,-34.42,19.24,57.99,66,98,11.99,0.0,0.0,overcast clouds
15,Fortuna,US,2019-10-22 06:23:54,40.6,-124.16,51.01,100,20,5.82,0.0,0.0,few clouds
16,Albany,US,2019-10-22 06:22:43,42.65,-73.75,48.99,87,75,4.38,0.0,0.0,fog
17,Nemuro,JP,2019-10-22 06:23:29,43.32,145.57,59.0,72,75,6.93,0.0,0.0,broken clouds
18,Yellowknife,CA,2019-10-22 06:22:34,62.45,-114.38,32.0,95,90,4.7,0.0,0.0,light snow
19,Vaini,IN,2019-10-22 06:22:50,15.34,74.49,80.6,69,75,9.17,0.0,0.0,broken clouds
20,Ligayan,PH,2019-10-22 06:25:29,4.65,119.47,84.92,68,76,5.12,0.0,0.0,broken clouds
21,Riyadh,SA,2019-10-22 06:25:29,24.63,46.72,89.6,14,0,11.41,0.0,0.0,clear sky
22,Ushuaia,AR,2019-10-22 06:23:04,-54.81,-68.31,51.8,43,40,17.22,0.0,0.0,scattered clouds
23,Nome,US,2019-10-22 06:22:51,30.04,-94.42,64.0,82,1,5.82,0.0,0.0,clear sky
24,Airai,TL,2019-10-22 06:23:21,-8.93,125.41,85.12,25,2,9.35,0.0,0.0,clear sky
25,Severo-Kurilsk,RU,2019-10-22 06:23:01,50.68,156.12,39.04,92,17,4.74,0.0,0.0,few clouds
26,Vanimo,PG,2019-10-22 06:15:41,-2.67,141.3,83.3,73,89,7.2,0.5,0.0,light rain
27,Ponta Delgada,PT,2019-10-22 06:25:31,37.73,-25.67,59.0,87,75,4.7,0.0,0.0,broken clouds
28,Santa Rosa,AR,2019-10-22 06:25:31,-36.62,-64.29,40.84,74,0,3.06,0.0,0.0,clear sky
29,Souillac,FR,2019-10-22 06:25:32,45.6,-0.6,45.0,100,20,3.36,0.0,0.0,few clouds
30,Sao Filipe,CV,2019-10-22 06:22:48,14.9,-24.5,75.72,78,0,15.08,0.0,0.0,clear sky
31,Aklavik,CA,2019-10-22 06:22:37,68.22,-135.01,19.4,92,90,4.7,0.0,0.0,light snow
32,Leh,IN,2019-10-22 06:25:32,34.16,77.58,32.68,25,23,3.24,0.0,0.0,few clouds
33,Hofn,IS,2019-10-22 06:24:53,64.25,-15.21,36.48,53,62,16.89,0.0,0.0,broken clouds
34,Yerbogachen,RU,2019-10-22 06:24:50,61.28,108.01,24.21,61,96,8.46,0.0,0.0,overcast clouds
35,Nouakchott,MR,2019-10-22 06:25:33,18.08,-15.98,71.6,46,0,17.22,0.0,0.0,clear sky
36,Abay,KZ,2019-10-22 06:25:33,49.63,72.87,35.6,47,93,2.24,0.0,0.0,overcast clouds
37,Barbacoas,CO,2019-10-22 06:25:34,1.67,-78.14,69.24,99,100,1.57,7.94,0.0,moderate rain
38,Atuona,PF,2019-10-22 06:25:00,-9.8,-139.03,78.6,77,20,12.82,0.0,0.0,few clouds
39,Puerto Ayora,EC,2019-10-22 06:22:55,-0.74,-90.35,69.01,87,16,4.0,0.0,0.0,few clouds
40,Alice Springs,AU,2019-10-22 06:25:35,-23.7,133.88,89.6,6,0,13.87,0.0,0.0,clear sky
41,Kaitangata,NZ,2019-10-22 06:24:59,-46.28,169.85,43.0,74,100,13.0,0.69,0.0,light rain
42,Hambantota,LK,2019-10-22 06:24:10,6.12,81.12,84.2,83,75,6.93,0.0,0.0,broken clouds
43,Rikitea,PF,2019-10-22 06:22:31,-23.12,-134.97,70.16,83,100,22.55,0.88,0.0,light rain
44,Leningradskiy,RU,2019-10-22 06:24:43,69.38,178.42,26.73,91,100,20.33,0.0,0.62,light snow
45,Port Antonio,JM,2019-10-22 06:25:37,18.18,-76.45,80.6,83,20,3.36,0.0,0.0,few clouds
46,Vanavara,RU,2019-10-22 06:23:36,60.35,102.28,25.0,64,72,7.61,0.0,0.0,broken clouds
47,Talnakh,RU,2019-10-22 06:25:37,69.49,88.39,21.2,85,75,11.18,0.0,0.0,broken clouds
48,Prado,CO,2019-10-22 06:25:38,3.75,-74.93,70.95,80,100,3.49,2.38,0.0,light rain
49,Akhaldaba,GE,2019-10-22 06:25:38,41.68,44.66,59.0,77,20,5.82,0.0,0.0,few clouds
50,Avarua,CK,2019-10-22 06:22:42,-21.21,-159.78,73.4,88,0,3.36,0.0,0.0,clear sky
51,Jamestown,AU,2019-10-22 06:22:32,-33.21,138.6,81.77,16,98,7.05,0.0,0.0,overcast clouds
52,Lompoc,US,2019-10-22 06:25:39,34.64,-120.46,69.8,71,1,8.05,0.0,0.0,clear sky
53,Grand Gaube,MU,2019-10-22 06:25:39,-20.01,57.66,80.6,69,75,18.34,0.0,0.0,broken clouds
54,Kearney,US,2019-10-22 06:25:39,40.7,-99.08,41.0,56,1,12.75,0.0,0.0,clear sky
55,Ankang,CN,2019-10-22 06:25:40,32.73,108.99,56.25,97,100,1.92,1.25,0.0,light rain
56,Rohtak,IN,2019-10-22 06:25:40,28.9,76.58,80.6,44,40,9.17,0.0,0.0,haze
57,Ambagarh Chauki,IN,2019-10-22 06:25:40,20.78,80.75,81.39,65,27,6.6,0.0,0.0,scattered clouds
58,Saint-Philippe,CA,2019-10-22 06:22:34,45.36,-73.48,48.2,81,40,7.14,0.0,0.0,scattered clouds
59,Chuy,UY,2019-10-22 06:23:59,-33.69,-53.46,49.55,96,17,6.11,0.0,0.0,few clouds
60,Bonavista,CA,2019-10-22 06:25:41,48.65,-53.11,42.01,87,57,3.0,0.0,0.0,broken clouds
61,Farroupilha,BR,2019-10-22 06:25:41,-29.22,-51.34,61.0,98,78,1.7,0.0,0.0,moderate rain
62,Bluff,AU,2019-10-22 06:22:35,-23.58,149.07,84.74,21,0,13.67,0.0,0.0,clear sky
63,Qaanaaq,GL,2019-10-22 06:23:11,77.48,-69.36,6.35,37,0,10.13,0.0,0.0,clear sky
64,Buala,SB,2019-10-22 06:23:32,-8.15,159.59,83.32,75,48,12.86,1.63,0.0,light rain
65,Port Blair,IN,2019-10-22 06:23:18,11.67,92.75,84.2,83,75,5.82,0.0,0.0,broken clouds
66,Lhokseumawe,ID,2019-10-22 06:25:43,5.18,97.15,81.09,77,94,3.38,4.56,0.0,moderate rain
67,Upernavik,GL,2019-10-22 06:22:44,72.79,-56.15,13.03,50,25,11.74,0.0,0.0,scattered clouds
68,Leshukonskoye,RU,2019-10-22 06:25:43,64.9,45.76,26.04,87,28,5.46,0.0,0.0,scattered clouds
69,Apatou,SR,2019-10-22 06:25:44,5.16,-54.34,70.7,99,5,2.17,0.0,0.0,clear sky
70,Ribeira Grande,PT,2019-10-22 06:23:37,38.52,-28.7,62.22,78,30,8.7,0.0,0.0,scattered clouds
71,Bonao,DO,2019-10-22 06:25:45,18.94,-70.41,73.4,94,20,3.22,0.0,0.0,few clouds
72,Shakawe,BW,2019-10-22 06:25:45,-18.36,21.84,85.42,11,98,3.02,0.0,0.0,overcast clouds
73,Utmanzai,PK,2019-10-22 06:25:45,34.19,71.76,77.0,50,40,3.31,0.0,0.0,haze
74,Tooele,US,2019-10-22 06:25:46,40.53,-112.3,46.99,66,40,3.36,0.0,0.0,scattered clouds
75,Tasiilaq,GL,2019-10-22 06:22:36,65.61,-37.64,30.2,74,96,18.34,0.0,0.0,light shower snow
76,Mataura,NZ,2019-10-22 06:22:44,-46.19,168.86,43.0,88,100,11.99,4.06,0.0,moderate rain
77,Busselton,AU,2019-10-22 06:22:33,-33.64,115.35,82.0,38,13,9.35,0.0,0.0,few clouds
78,Lata,IN,2019-10-22 06:24:52,30.78,78.62,42.35,28,0,8.08,0.0,0.0,clear sky
79,Narsaq,GL,2019-10-22 06:22:54,60.91,-46.05,30.2,86,88,3.36,0.0,0.0,overcast clouds
80,Saskylakh,RU,2019-10-22 06:22:42,71.97,114.09,8.78,90,8,11.83,0.0,0.0,clear sky
81,Lorengau,PG,2019-10-22 06:24:48,-2.02,147.27,85.06,68,79,6.31,0.81,0.0,light rain
82,Cody,US,2019-10-22 06:23:37,44.53,-109.06,37.4,55,40,4.7,0.0,0.0,scattered clouds
83,Nikolskoye,RU,2019-10-22 06:23:14,59.7,30.79,44.01,87,75,8.95,0.0,0.0,broken clouds
84,Katsuura,JP,2019-10-22 06:22:57,33.93,134.5,77.0,50,75,13.87,0.0,0.0,broken clouds
85,Mar Del Plata,AR,2019-10-22 06:23:07,-46.43,-67.52,46.89,58,0,4.34,0.0,0.0,clear sky
86,The Valley,AI,2019-10-22 06:25:49,18.22,-63.06,82.4,78,20,3.36,0.0,0.0,few clouds
87,Praya,ID,2019-10-22 06:25:49,-8.71,116.27,89.6,55,40,12.75,0.0,0.0,scattered clouds
88,Kodiak,US,2019-10-22 06:22:50,39.95,-94.76,46.99,70,75,16.11,0.0,0.0,broken clouds
89,Carutapera,BR,2019-10-22 06:25:50,-1.2,-46.02,79.92,82,34,12.62,0.0,0.0,scattered clouds
90,Grindavik,IS,2019-10-22 06:23:51,63.84,-22.43,33.8,74,40,24.16,0.0,0.0,scattered clouds
91,Longyearbyen,NO,2019-10-22 06:23:08,78.22,15.63,6.8,71,20,11.41,0.0,0.0,few clouds
92,Kosh-Agach,RU,2019-10-22 06:25:51,49.99,88.66,14.04,48,0,3.76,0.0,0.0,clear sky
93,Faanui,PF,2019-10-22 06:23:07,-16.48,-151.75,81.18,69,0,5.35,0.0,0.0,clear sky
94,Catuday,PH,2019-10-22 06:25:51,16.29,119.81,84.43,66,12,4.18,0.0,0.0,few clouds
95,Cabo San Lucas,MX,2019-10-22 06:23:23,22.89,-109.91,78.01,86,24,1.01,0.0,0.0,few clouds
96,Coahuayana,MX,2019-10-22 06:25:52,18.62,-100.35,71.22,94,92,1.92,0.0,0.0,overcast clouds
97,Port Alfred,ZA,2019-10-22 06:22:52,-33.59,26.89,60.01,62,86,3.0,0.19,0.0,light rain
98,Keffi,NG,2019-10-22 06:25:52,8.85,7.88,72.61,93,74,0.25,0.0,0.0,broken clouds
99,Chapais,CA,2019-10-22 06:24:29,49.78,-74.86,41.0,93,75,6.93,0.0,0.0,broken clouds
100,Sambava,MG,2019-10-22 06:25:53,-14.27,50.17,86.68,53,8,2.86,0.0,0.0,clear sky
101,Tiksi,RU,2019-10-22 06:22:53,71.64,128.87,3.47,85,68,3.2,0.0,0.0,broken clouds
102,Sioux Lookout,CA,2019-10-22 06:24:02,50.1,-91.92,42.8,93,90,18.34,0.0,0.0,light rain
103,Mahebourg,MU,2019-10-22 06:23:39,-20.41,57.7,80.6,69,75,18.34,0.0,0.0,broken clouds
104,Punta Arenas,CL,2019-10-22 06:22:31,-53.16,-70.91,46.4,65,20,18.34,0.0,0.0,few clouds
105,Codrington,AU,2019-10-22 06:24:45,-28.95,153.24,75.2,50,2,14.99,0.0,0.0,clear sky
106,Cidreira,BR,2019-10-22 06:23:56,-30.17,-50.22,62.83,84,95,4.34,0.44,0.0,light rain
107,Kalachinsk,RU,2019-10-22 06:25:54,55.05,74.58,33.39,58,100,16.8,0.0,0.0,overcast clouds
108,Huainan,CN,2019-10-22 06:25:54,32.59,117.01,74.19,33,100,8.01,0.0,0.0,overcast clouds
109,Sidney,US,2019-10-22 06:25:55,47.72,-104.16,37.0,86,1,5.59,0.0,0.0,clear sky
110,Hilo,US,2019-10-22 06:22:37,19.71,-155.08,77.0,78,75,6.93,0.0,0.0,broken clouds
111,Lasa,CY,2019-10-22 06:25:55,34.92,32.53,75.2,44,20,3.36,0.0,0.0,few clouds
112,Horsham,AU,2019-10-22 06:25:56,-36.71,142.2,77.95,30,0,0.63,0.0,0.0,clear sky
113,Veraval,FR,2019-10-22 06:24:19,49.65,0.71,50.0,100,90,3.36,0.0,0.0,fog
114,Mongagua,BR,2019-10-22 06:25:56,-24.09,-46.62,62.01,87,90,4.7,0.0,0.0,mist
115,Itaqui,BR,2019-10-22 06:25:57,-29.13,-56.55,53.35,95,0,6.96,0.0,0.0,clear sky
116,Sarakhs,TM,2019-10-22 06:25:57,36.54,61.16,69.8,43,0,2.24,0.0,0.0,clear sky
117,Saint-Francois,FR,2019-10-22 06:25:57,46.42,3.91,51.8,93,100,2.24,0.0,0.0,light rain
118,Darhan,MN,2019-10-22 06:25:58,49.49,105.92,30.97,57,100,21.0,0.0,0.19,light snow
119,Presidencia Roque Saenz Pena,AR,2019-10-22 06:25:58,-26.79,-60.44,53.01,93,0,3.11,0.0,0.0,clear sky
120,Maniitsoq,GL,2019-10-22 06:25:58,65.42,-52.9,34.77,42,0,5.75,0.0,0.0,clear sky
121,Timra,SE,2019-10-22 06:25:59,62.49,17.33,41.0,93,90,4.7,0.0,0.0,light rain
122,Port Hedland,AU,2019-10-22 06:25:59,-20.31,118.58,95.0,34,38,16.11,0.0,0.0,scattered clouds
123,Klang,MY,2019-10-22 06:25:59,3.05,101.45,89.6,70,40,4.7,0.0,0.0,scattered clouds
124,Torbay,CA,2019-10-22 06:23:49,47.66,-52.73,44.01,93,90,2.24,0.0,0.0,overcast clouds
125,Ketchikan,US,2019-10-22 06:26:00,55.34,-131.65,44.6,93,90,23.04,0.0,0.0,heavy intensity rain
126,Itaituba,BR,2019-10-22 06:26:00,-4.26,-55.99,72.54,97,100,1.77,0.0,0.0,overcast clouds
127,Ponta Do Sol,BR,2019-10-22 06:23:55,-20.63,-46.0,65.77,92,100,4.83,0.44,0.0,light rain
128,Isangel,VU,2019-10-22 06:22:41,-19.55,169.27,84.2,62,75,9.17,0.0,0.0,broken clouds
129,Tual,ID,2019-10-22 06:23:21,-5.67,132.75,81.59,71,8,9.86,0.0,0.0,clear sky
130,Bueu,ES,2019-10-22 06:26:01,42.33,-8.79,51.01,93,0,3.36,0.0,0.0,clear sky
131,Gladstone,AU,2019-10-22 06:26:01,-23.84,151.26,77.0,50,0,16.11,0.0,0.0,clear sky
132,Darnah,LY,2019-10-22 06:26:02,32.77,22.64,74.1,73,0,14.76,0.0,0.0,clear sky
133,Oil City,US,2019-10-22 06:26:02,41.43,-79.71,60.01,76,90,11.41,0.0,0.0,light rain
134,Cardonal,CL,2019-10-22 06:26:02,-41.46,-72.99,37.4,93,1,3.36,0.0,0.0,clear sky
135,Zhigansk,RU,2019-10-22 06:26:03,66.77,123.37,17.17,82,99,5.39,0.0,0.0,overcast clouds
136,Kahului,US,2019-10-22 06:23:44,20.89,-156.47,80.6,54,20,14.99,0.0,0.0,few clouds
137,Beyneu,KZ,2019-10-22 06:26:03,45.32,55.19,52.97,47,0,7.78,0.0,0.0,clear sky
138,Yulara,AU,2019-10-22 06:24:34,-25.24,130.99,93.2,7,58,11.41,0.0,0.0,broken clouds
139,Morros,BR,2019-10-22 06:26:04,-2.87,-44.04,78.8,88,20,9.17,0.0,0.0,few clouds
140,Arkhangelskoye,RU,2019-10-22 06:26:04,54.46,37.62,47.61,90,19,3.6,0.0,0.0,few clouds
141,Nicoya,CR,2019-10-22 06:26:05,10.15,-85.45,73.4,100,100,2.24,1.87,0.0,light rain
142,Santa Maria,BR,2019-10-22 06:23:47,-16.02,-48.01,68.0,88,75,9.17,0.0,0.0,thunderstorm with light rain
143,Hobart,AU,2019-10-22 06:23:17,-42.88,147.33,71.01,48,20,12.75,0.0,0.0,few clouds
144,Te Anau,NZ,2019-10-22 06:23:51,-45.41,167.72,38.66,86,100,10.45,2.94,0.0,light rain
145,Hithadhoo,MV,2019-10-22 06:23:03,-0.6,73.08,81.48,76,80,11.34,0.0,0.0,broken clouds
146,Ixtapa,MX,2019-10-22 06:23:00,20.71,-105.21,75.99,94,75,2.37,0.0,0.0,broken clouds
147,Alibag,IN,2019-10-22 06:26:06,18.64,72.88,87.8,62,75,6.93,0.0,0.0,haze
148,East London,ZA,2019-10-22 06:22:28,-33.02,27.91,57.2,71,40,3.36,0.0,0.0,scattered clouds
149,Champerico,MX,2019-10-22 06:26:07,16.38,-93.6,66.34,98,83,1.14,0.0,0.0,broken clouds
150,Tuktoyaktuk,CA,2019-10-22 06:16:07,69.44,-133.03,19.4,85,75,4.7,0.0,0.0,light snow
151,Xining,CN,2019-10-22 06:26:07,36.62,101.77,52.99,43,46,4.0,0.0,0.0,scattered clouds
152,Castro,CL,2019-10-22 06:22:32,-42.48,-73.76,37.4,93,2,8.05,0.0,0.0,clear sky
153,Rundu,NA,2019-10-22 06:26:08,-17.91,19.77,80.6,14,77,4.7,0.0,0.0,broken clouds
154,Arman,RU,2019-10-22 06:24:09,59.7,150.17,36.19,58,100,10.38,0.0,0.0,overcast clouds
155,Noumea,NC,2019-10-22 06:26:09,-22.28,166.46,77.0,61,63,13.87,0.0,0.0,broken clouds
156,Biltine,TD,2019-10-22 06:26:09,14.53,20.93,85.01,46,19,5.93,0.0,0.0,few clouds
157,Lumphat,KH,2019-10-22 06:26:09,13.5,106.97,90.79,51,8,2.28,0.0,0.0,clear sky
158,Pevek,RU,2019-10-22 06:22:43,69.7,170.27,26.67,76,100,11.3,0.0,0.31,light snow
159,Yongan,CN,2019-10-22 06:26:10,39.7,113.69,57.54,35,77,4.97,0.0,0.0,broken clouds
160,New Norfolk,AU,2019-10-22 06:23:01,-42.78,147.06,71.01,48,20,12.75,0.0,0.0,few clouds
161,Sydney,AU,2019-10-22 06:26:10,-33.85,151.22,81.0,53,0,19.46,0.0,0.0,clear sky
162,Cherskiy,RU,2019-10-22 06:25:16,68.75,161.3,0.16,88,4,7.16,0.0,0.0,clear sky
163,Kerman,IR,2019-10-22 06:26:11,30.29,57.06,68.0,19,0,3.87,0.0,0.0,clear sky
164,Boyolangu,ID,2019-10-22 06:26:12,-8.09,111.9,92.16,39,0,16.06,0.0,0.0,clear sky
165,Barrow,AR,2019-10-22 06:24:50,-38.31,-60.23,44.49,88,0,12.48,0.0,0.0,clear sky
166,Vila Franca Do Campo,PT,2019-10-22 06:23:27,37.72,-25.43,59.0,87,75,4.7,0.0,0.0,broken clouds
167,Dikson,RU,2019-10-22 06:22:33,73.51,80.55,25.65,92,100,21.56,0.0,0.63,light snow
168,San Cristobal,HN,2019-10-22 06:23:42,14.68,-86.92,65.71,94,96,3.62,0.0,0.0,overcast clouds
169,Kavieng,PG,2019-10-22 06:24:31,-2.57,150.8,85.23,66,98,5.32,0.0,0.0,overcast clouds
170,Uusikaupunki,FI,2019-10-22 06:26:13,60.8,21.41,50.0,87,75,14.99,0.0,0.0,broken clouds
171,Seybaplaya,MX,2019-10-22 06:26:13,19.65,-90.67,77.43,89,4,3.53,0.0,0.0,clear sky
172,Bongandanga,CD,2019-10-22 06:23:27,1.51,21.07,71.2,97,100,2.24,0.0,0.0,overcast clouds
173,Fairhope,US,2019-10-22 06:26:14,30.52,-87.9,75.2,100,40,5.77,0.0,0.0,scattered clouds
174,Ishigaki,JP,2019-10-22 06:26:14,24.34,124.16,80.6,61,20,12.75,0.0,0.0,few clouds
175,West Bay,CA,2019-10-22 06:26:14,49.34,-123.21,53.01,100,90,4.7,0.0,0.0,light rain
176,Erenhot,CN,2019-10-22 06:26:15,43.65,111.97,59.99,23,26,10.65,0.0,0.0,scattered clouds
177,Harper,US,2019-10-22 06:26:15,30.3,-99.24,57.0,87,1,3.36,0.0,0.0,clear sky
178,Provideniya,RU,2019-10-22 06:22:30,64.42,-173.23,33.8,74,75,11.18,0.0,0.0,extreme rain
179,Sitka,US,2019-10-22 06:23:28,37.17,-99.65,39.0,52,15,10.0,0.0,0.0,few clouds
180,Providencia,CO,2019-10-22 06:26:16,1.24,-77.6,50.79,94,99,1.25,0.25,0.0,light rain
181,Pyapon,MM,2019-10-22 06:26:16,16.29,95.68,91.08,55,1,3.53,0.0,0.0,clear sky
182,Andilamena,MG,2019-10-22 06:26:17,-17.01,48.57,85.66,34,31,1.59,0.0,0.0,scattered clouds
183,Codogno,IT,2019-10-22 06:26:17,45.16,9.7,64.4,82,40,4.7,0.0,0.0,mist
184,Yebaishou,CN,2019-10-22 06:26:17,41.4,119.64,66.51,17,0,5.95,0.0,0.0,clear sky
185,Carbonia,IT,2019-10-22 06:26:17,39.17,8.53,71.6,83,20,12.75,0.0,0.0,few clouds
186,Inuvik,CA,2019-10-22 06:26:18,68.36,-133.71,19.4,92,90,4.7,0.0,0.0,light snow
187,Vila,IT,2019-10-22 06:26:18,45.18,8.4,63.0,100,75,4.7,0.0,0.0,broken clouds
188,Honiara,SB,2019-10-22 06:26:19,-9.43,159.96,87.8,58,75,11.41,0.0,0.0,broken clouds
189,Ossora,RU,2019-10-22 06:26:19,59.24,163.07,31.21,66,0,6.29,0.0,0.0,clear sky
190,Los Llanos De Aridane,ES,2019-10-22 06:26:20,28.66,-17.92,68.0,60,75,11.41,0.0,0.0,broken clouds
191,Tuensang,IN,2019-10-22 06:26:20,26.24,94.81,74.19,39,3,4.63,0.0,0.0,clear sky
192,Acapulco,MX,2019-10-22 06:26:20,16.86,-99.88,80.6,88,20,5.82,0.0,0.0,few clouds
193,Pontal Do Parana,BR,2019-10-22 06:26:21,-25.67,-48.51,62.01,93,90,3.36,0.0,0.0,mist
194,Baruun-Urt,MN,2019-10-22 06:24:17,46.68,113.28,46.06,28,48,13.8,0.0,0.0,scattered clouds
195,Lazaro Cardenas,MX,2019-10-22 06:24:49,28.39,-105.62,59.0,66,0,3.0,0.0,0.0,clear sky
196,Northam,AU,2019-10-22 06:26:21,-31.65,116.67,78.8,39,0,16.11,0.0,0.0,clear sky
197,Aparecida Do Taboado,BR,2019-10-22 06:26:21,-20.08,-51.1,68.94,92,100,3.94,0.0,0.0,overcast clouds
198,Roma,IT,2019-10-22 06:24:21,41.89,12.48,66.0,82,76,3.36,0.0,0.0,broken clouds
199,Kavaratti,IN,2019-10-22 06:23:26,10.57,72.64,81.75,81,69,17.05,0.0,0.0,broken clouds
200,Magdalena,PH,2019-10-22 06:26:22,14.2,121.43,91.99,55,40,13.87,0.0,0.0,scattered clouds
201,Ostrovnoy,RU,2019-10-22 06:26:23,68.05,39.51,21.92,87,67,20.76,0.0,0.0,broken clouds
202,Abnub,EG,2019-10-22 06:26:23,27.27,31.15,71.6,53,0,5.82,0.0,0.0,clear sky
203,Ancud,CL,2019-10-22 06:26:23,-41.87,-73.83,37.4,93,9,8.05,0.0,0.0,clear sky
204,Magadan,RU,2019-10-22 06:26:24,59.56,150.8,33.42,64,100,14.36,0.0,0.0,overcast clouds
205,Longyan,CN,2019-10-22 06:26:24,25.1,117.03,77.04,36,6,2.53,0.0,0.0,clear sky
206,Beringovskiy,RU,2019-10-22 06:24:37,63.05,179.32,24.33,86,73,27.38,0.0,0.75,light snow
207,Thanh Hoa,VN,2019-10-22 06:26:25,10.21,106.33,91.4,63,40,4.7,0.0,0.0,scattered clouds
208,Iqaluit,CA,2019-10-22 06:26:25,63.75,-68.52,30.2,86,75,4.7,0.0,0.0,broken clouds
209,Yar-Sale,RU,2019-10-22 06:23:56,66.83,70.83,24.71,91,100,21.25,0.0,0.0,overcast clouds
210,Pangody,RU,2019-10-22 06:26:25,65.85,74.49,22.64,91,100,18.86,0.0,0.0,overcast clouds
211,Margate,AU,2019-10-22 06:24:43,-43.03,147.26,71.01,48,20,12.75,0.0,0.0,few clouds
212,Saint George,GR,2019-10-22 06:23:38,39.45,22.34,59.0,82,20,6.93,0.0,0.0,few clouds
213,Clyde River,CA,2019-10-22 06:25:01,70.47,-68.59,32.0,82,90,9.17,0.0,0.0,light snow
214,Baykit,RU,2019-10-22 06:24:21,61.68,96.39,23.68,66,100,6.17,0.0,0.0,overcast clouds
215,Wesselsbron,ZA,2019-10-22 06:26:26,-27.85,26.36,64.99,51,50,5.99,0.0,0.0,scattered clouds
216,Cape Town,ZA,2019-10-22 06:22:48,-33.93,18.42,62.01,54,2,5.82,0.0,0.0,clear sky
217,Chokurdakh,RU,2019-10-22 06:22:51,70.62,147.9,7.93,93,96,10.25,0.0,0.0,overcast clouds
218,Baiyin,CN,2019-10-22 06:26:27,36.55,104.13,60.8,41,20,6.71,0.0,0.0,few clouds
219,Spearfish,US,2019-10-22 06:26:28,44.49,-103.86,41.0,64,90,13.87,0.0,0.0,overcast clouds
220,Baturaja,ID,2019-10-22 06:26:28,-4.12,104.17,97.39,25,48,8.3,0.0,0.0,scattered clouds
221,Markova,RU,2019-10-22 06:26:28,52.21,104.21,24.8,62,20,13.42,0.0,0.0,few clouds
222,Dale,CN,2019-10-22 06:26:29,24.09,109.99,78.85,60,45,6.96,0.0,0.0,scattered clouds
223,Dongsheng,CN,2019-10-22 06:26:29,29.72,112.52,63.5,78,100,17.36,0.31,0.0,light rain
224,Piacabucu,BR,2019-10-22 06:26:30,-10.41,-36.43,76.96,75,95,11.92,0.0,0.0,overcast clouds
225,Genhe,CN,2019-10-22 06:26:30,50.78,121.52,32.59,48,3,8.41,0.0,0.0,clear sky
226,Taltal,CL,2019-10-22 06:26:30,-25.41,-70.49,48.54,93,22,3.51,0.0,0.0,few clouds
227,Thompson,CA,2019-10-22 06:22:46,55.74,-97.86,21.2,85,5,5.21,0.0,0.0,clear sky
228,Dwarka,IN,2019-10-22 06:26:31,28.58,77.04,84.2,44,40,9.17,0.0,0.0,haze
229,Bredasdorp,ZA,2019-10-22 06:23:30,-34.53,20.04,57.99,58,40,11.41,0.0,0.0,scattered clouds
230,Mattru,SL,2019-10-22 06:26:31,7.62,-11.83,74.1,94,96,0.83,0.0,0.0,overcast clouds
231,Roebourne,AU,2019-10-22 06:26:32,-20.77,117.15,105.35,11,68,5.97,0.0,0.0,broken clouds
232,Alofi,NU,2019-10-22 06:26:32,-19.06,-169.92,77.0,88,6,5.82,0.5,0.0,light rain
233,Ordzhonikidze,UA,2019-10-22 06:26:33,44.96,35.36,60.33,74,0,11.5,0.0,0.0,clear sky
234,Bambous Virieux,MU,2019-10-22 06:23:05,-20.34,57.76,80.6,69,75,18.34,0.0,0.0,broken clouds
235,Romny,UA,2019-10-22 06:26:33,50.74,33.49,53.1,74,61,3.62,0.0,0.0,broken clouds
236,Guerrero Negro,MX,2019-10-22 06:23:35,27.97,-114.04,71.74,45,0,6.2,0.0,0.0,clear sky
237,Fort Nelson,CA,2019-10-22 06:26:33,58.81,-122.69,33.8,86,90,6.93,0.0,0.0,overcast clouds
238,Santa Isabel Do Rio Negro,BR,2019-10-22 06:26:34,-0.41,-65.02,72.99,94,73,1.23,0.0,0.0,broken clouds
239,Waingapu,ID,2019-10-22 06:26:34,-9.65,120.26,80.92,78,21,9.95,0.0,0.0,few clouds
240,Ilulissat,GL,2019-10-22 06:26:34,69.22,-51.1,14.0,47,0,19.46,0.0,0.0,clear sky
241,Bethel,US,2019-10-22 06:23:20,60.79,-161.76,39.2,86,90,12.75,0.0,0.0,overcast clouds
242,Pisco,PE,2019-10-22 06:26:35,-13.71,-76.2,62.6,82,90,3.36,0.0,0.0,smoke
243,Ibirama,BR,2019-10-22 06:26:35,-27.05,-49.52,62.01,97,97,0.96,0.0,0.0,overcast clouds
244,Victoria,BN,2019-10-22 06:24:30,5.28,115.24,89.6,70,75,5.82,0.0,0.0,broken clouds
245,Key West,US,2019-10-22 06:26:36,47.93,-96.78,39.2,93,90,29.97,0.0,0.0,overcast clouds
246,Daru,PG,2019-10-22 06:26:36,-9.07,143.21,80.76,77,93,13.04,0.94,0.0,light rain
247,Pierre,US,2019-10-22 06:26:36,44.37,-100.35,37.4,74,1,14.99,0.0,0.0,clear sky
248,Sao Joao Da Barra,BR,2019-10-22 06:26:37,-21.64,-41.05,68.65,88,100,5.53,0.0,0.0,overcast clouds
249,Hamilton,CA,2019-10-22 06:26:37,43.26,-79.87,61.0,93,90,5.82,0.0,0.0,light rain
250,Thinadhoo,MV,2019-10-22 06:26:37,0.53,72.93,81.12,78,95,10.98,0.0,0.0,overcast clouds
251,Novyy Urengoy,RU,2019-10-22 06:26:38,66.08,76.63,20.91,92,85,16.55,0.0,0.0,overcast clouds
252,Marsh Harbour,BS,2019-10-22 06:26:38,26.54,-77.06,80.58,82,73,10.76,0.0,0.0,broken clouds
253,Plouzane,FR,2019-10-22 06:26:39,48.38,-4.62,46.4,100,76,4.7,0.0,0.0,broken clouds
254,Saldanha,PT,2019-10-22 06:26:39,41.42,-6.55,43.2,81,0,9.86,0.0,0.0,clear sky
255,Henties Bay,NA,2019-10-22 06:22:38,-22.12,14.28,60.01,85,0,5.99,0.0,0.0,clear sky
256,Gold Coast,AU,2019-10-22 06:26:40,-28.0,153.41,75.99,60,1,14.99,0.0,0.0,clear sky
257,Port Lincoln,AU,2019-10-22 06:26:40,-34.72,135.86,72.52,37,0,8.77,0.0,0.0,clear sky
258,Stelle,DE,2019-10-22 06:26:40,53.38,10.12,53.6,87,75,8.05,0.0,0.0,broken clouds
259,Klaksvik,FO,2019-10-22 06:23:26,62.23,-6.59,41.0,75,78,10.29,0.0,0.0,light rain
260,Goundam,ML,2019-10-22 06:22:57,16.42,-3.66,84.81,46,35,3.74,0.0,0.0,scattered clouds
261,Saint-Marc,HT,2019-10-22 06:26:41,19.1,-72.7,70.75,90,49,3.4,0.0,0.0,scattered clouds
262,Zhob,PK,2019-10-22 06:26:42,31.34,69.45,73.51,12,0,9.89,0.0,0.0,clear sky
263,Ritini,GR,2019-10-22 06:26:42,40.29,22.29,69.01,91,0,1.99,0.0,0.0,clear sky
264,Golspie,GB,2019-10-22 06:26:42,57.97,-3.98,51.01,87,40,21.92,0.0,0.0,light rain
265,Puro,PH,2019-10-22 06:26:43,13.13,123.76,85.08,67,56,6.26,0.0,0.0,broken clouds
266,Nesna,NO,2019-10-22 06:26:43,66.2,13.02,44.6,93,75,43.62,0.0,0.0,shower rain
267,Tebingtinggi,ID,2019-10-22 06:26:43,3.33,99.16,87.98,63,100,2.95,1.06,0.0,light rain
268,Port Moresby,PG,2019-10-22 06:26:44,-9.47,147.16,84.2,74,40,28.07,0.0,0.0,smoke
269,Hualmay,PE,2019-10-22 06:26:44,-11.1,-77.61,55.87,85,13,2.21,0.0,0.0,few clouds
270,Altay,CN,2019-10-22 06:26:44,47.83,88.13,23.07,53,0,2.57,0.0,0.0,clear sky
271,Porcsalma,HU,2019-10-22 06:26:45,47.88,22.57,52.0,93,5,3.36,0.0,0.0,clear sky
272,Shahreza,IR,2019-10-22 06:26:45,32.01,51.87,60.44,28,50,2.64,0.0,0.0,scattered clouds
273,Pacifica,US,2019-10-22 06:26:45,37.61,-122.49,72.0,93,75,3.74,0.0,0.0,broken clouds
274,Bilibino,RU,2019-10-22 06:26:46,68.06,166.44,-5.03,98,0,0.63,0.0,0.0,clear sky
275,Kitui,KE,2019-10-22 06:26:46,-1.37,38.02,74.16,68,27,5.59,0.0,0.0,scattered clouds
276,Kruisfontein,ZA,2019-10-22 06:24:13,-34.0,24.73,53.55,66,31,8.81,0.13,0.0,light rain
277,Lavrentiya,RU,2019-10-22 06:23:06,65.58,-170.99,32.04,88,100,13.35,0.0,0.19,light snow
278,Luganville,VU,2019-10-22 06:26:47,-15.51,167.18,82.4,74,75,8.05,0.0,0.0,broken clouds
279,Berlevag,NO,2019-10-22 06:26:47,70.86,29.09,30.2,80,75,13.87,0.0,0.0,broken clouds
280,Lebu,ET,2019-10-22 06:24:07,8.96,38.73,59.86,66,18,2.98,0.0,0.0,few clouds
281,Moussoro,TD,2019-10-22 06:26:47,13.64,16.49,83.91,50,21,7.7,0.0,0.0,few clouds
282,Gatehouse Of Fleet,GB,2019-10-22 06:26:48,54.88,-4.18,48.99,86,94,5.01,0.0,0.0,overcast clouds
283,Teeli,RU,2019-10-22 06:26:48,51.01,90.2,19.87,67,0,3.87,0.0,0.0,clear sky
284,Elat,CM,2019-10-22 06:26:49,2.91,11.16,68.63,98,89,0.22,0.0,0.0,overcast clouds
285,Santa Catarina De Tepehuanes,MX,2019-10-22 06:26:49,25.34,-105.72,54.52,62,60,2.93,0.0,0.0,broken clouds
286,Pokrovsk,RU,2019-10-22 06:26:49,61.48,129.14,29.61,76,65,5.48,0.0,0.0,broken clouds
287,Santa Cruz Do Sul,BR,2019-10-22 06:26:50,-29.71,-52.43,59.0,98,98,1.34,0.06,0.0,overcast clouds
288,Penalva,BR,2019-10-22 06:26:50,-3.29,-45.17,73.65,97,37,2.44,0.0,0.0,scattered clouds
289,Ambulu,ID,2019-10-22 06:26:51,-8.35,113.61,77.99,84,6,14.23,0.0,0.0,clear sky
290,Anloga,GH,2019-10-22 06:26:51,5.79,0.9,77.0,94,20,4.7,0.0,0.0,few clouds
291,Kailua,US,2019-10-22 06:26:51,21.39,-157.74,82.4,65,75,16.11,0.0,0.0,broken clouds
292,Verkhnyaya Toyma,RU,2019-10-22 06:26:52,62.24,45.0,32.23,82,98,8.28,0.0,0.0,overcast clouds
293,Portage,US,2019-10-22 06:26:52,41.58,-87.18,53.6,71,1,14.99,0.0,0.0,clear sky
294,Muzhi,RU,2019-10-22 06:26:53,65.4,64.7,32.2,97,100,11.63,0.0,3.38,snow
295,Beloha,MG,2019-10-22 06:26:53,-25.17,45.06,85.17,31,0,9.08,0.0,0.0,clear sky
296,Yola,NG,2019-10-22 06:26:53,9.26,12.45,73.71,87,99,2.75,0.0,0.0,overcast clouds
297,Sola,TZ,2019-10-22 06:23:58,-3.17,33.8,75.87,51,0,7.85,0.0,0.0,clear sky
298,Las Palmas,CO,2019-10-22 06:26:54,9.27,-75.33,76.08,88,97,1.01,0.0,0.0,overcast clouds
299,Caconda,AO,2019-10-22 06:26:54,-13.73,15.06,66.85,71,17,2.33,0.0,0.0,few clouds
300,Avera,US,2019-10-22 06:23:32,33.19,-82.53,71.6,94,90,6.93,0.0,0.0,overcast clouds
301,Ardakan,IR,2019-10-22 06:26:54,32.31,54.02,69.8,26,20,2.24,0.0,0.0,few clouds
302,Hit,IQ,2019-10-22 06:26:55,33.64,42.83,79.75,41,84,4.85,0.63,0.0,light rain
303,Nokaneng,BW,2019-10-22 06:26:55,-19.66,22.19,82.54,13,52,7.85,0.0,0.0,broken clouds
304,Wloclawek,PL,2019-10-22 06:26:55,52.65,19.07,48.0,93,36,3.83,0.0,0.0,scattered clouds
305,Broome,GB,2019-10-22 06:23:23,52.47,1.45,46.99,93,51,2.24,0.0,0.0,broken clouds
306,Sergeyevka,KZ,2019-10-22 06:26:56,53.88,67.42,34.81,59,80,19.71,0.0,0.0,broken clouds
307,Kyaikkami,MM,2019-10-22 06:26:56,16.08,97.57,83.16,73,4,4.74,0.0,0.0,clear sky
308,Tanout,NE,2019-10-22 06:26:57,14.97,8.88,83.37,43,0,4.43,0.0,0.0,clear sky
309,Husavik,CA,2019-10-22 06:26:57,50.56,-96.99,37.99,91,100,11.01,0.88,0.0,light rain
310,Ulaangom,MN,2019-10-22 06:26:57,49.98,92.07,26.74,50,0,3.58,0.0,0.0,clear sky
311,Zelenogorskiy,RU,2019-10-22 06:26:58,55.03,87.0,24.8,73,75,13.42,0.0,0.0,broken clouds
312,Uvat,RU,2019-10-22 06:26:58,59.14,68.9,36.27,91,99,14.63,0.31,0.0,light rain
313,Port Elizabeth,US,2019-10-22 06:23:20,39.31,-74.98,61.0,87,90,5.82,0.0,0.0,overcast clouds
314,Mbaiki,CF,2019-10-22 06:26:59,3.87,17.99,73.27,85,78,1.97,0.0,0.0,broken clouds
315,Zaysan,KZ,2019-10-22 06:26:59,47.47,84.87,24.26,64,0,3.2,0.0,0.0,clear sky
316,Dongkan,CN,2019-10-22 06:26:59,34.0,119.83,73.44,34,100,8.86,0.0,0.0,overcast clouds
317,Tirumullaivasal,IN,2019-10-22 06:27:00,11.24,79.84,79.68,79,100,10.38,0.0,0.0,overcast clouds
318,Lynwood,US,2019-10-22 06:27:00,33.93,-118.21,75.2,46,1,1.14,0.0,0.0,very heavy rain
319,Tuburan,PH,2019-10-22 06:27:01,10.73,123.82,89.6,59,40,10.29,0.0,0.0,scattered clouds
320,Misratah,LY,2019-10-22 06:27:01,32.38,15.09,73.6,68,0,11.12,0.0,0.0,clear sky
321,Eirunepe,BR,2019-10-22 06:27:02,-6.66,-69.87,71.87,94,55,1.92,0.0,0.0,broken clouds
322,Norman Wells,CA,2019-10-22 06:24:23,65.28,-126.83,26.6,92,75,5.82,0.0,0.0,broken clouds
323,Moranbah,AU,2019-10-22 06:22:42,-22.0,148.04,85.5,24,1,18.37,0.0,0.0,clear sky
324,Port Hardy,CA,2019-10-22 06:24:35,50.7,-127.42,51.8,93,90,6.93,0.0,0.0,overcast clouds
325,Kindu,CD,2019-10-22 06:27:03,-2.95,25.92,71.62,96,100,2.06,0.19,0.0,light rain
326,Amalapuram,IN,2019-10-22 06:27:03,16.58,82.0,78.8,88,90,6.93,0.0,0.0,moderate rain
327,Tautira,PF,2019-10-22 06:27:03,-17.73,-149.15,80.01,74,2,4.0,0.0,0.0,clear sky
328,Bogashevo,RU,2019-10-22 06:27:04,56.37,85.14,30.0,74,20,17.9,0.0,0.0,few clouds
329,Sao Miguel Do Araguaia,BR,2019-10-22 06:27:04,-13.28,-50.16,74.19,89,83,6.98,3.94,0.0,moderate rain
330,Hare Bay,CA,2019-10-22 06:27:05,48.86,-53.99,37.4,100,90,5.82,0.0,0.0,light rain
331,Sisophon,KH,2019-10-22 06:27:06,13.59,102.97,91.74,55,10,3.24,0.19,0.0,light rain
332,Bolshoye Nagatkino,RU,2019-10-22 06:27:06,54.52,47.97,51.8,81,45,11.18,0.0,0.0,scattered clouds
333,San Quintin,PH,2019-10-22 06:23:53,17.54,120.52,84.92,67,0,7.38,0.0,0.0,clear sky
334,Superior,US,2019-10-22 06:27:07,39.95,-105.17,45.0,74,40,4.7,0.0,0.0,scattered clouds
335,Cao Bang,VN,2019-10-22 06:27:07,22.67,106.25,82.8,63,83,7.43,0.44,0.0,light rain
336,Ciudad Dario,NI,2019-10-22 06:27:08,12.73,-86.12,75.2,94,40,6.93,0.0,0.0,light intensity drizzle
337,Itarantim,BR,2019-10-22 06:27:08,-15.65,-40.06,69.76,96,92,1.1,4.37,0.0,moderate rain
338,Luderitz,NA,2019-10-22 06:23:55,-26.65,15.16,55.4,71,0,4.7,0.0,0.0,clear sky
339,Mazagao,BR,2019-10-22 06:27:08,-0.12,-51.29,80.6,100,7,6.93,0.0,0.0,clear sky
340,Storsteinnes,NO,2019-10-22 06:27:09,69.24,19.23,35.6,69,75,10.29,0.0,0.0,broken clouds
341,Mahon,IE,2019-10-22 06:27:09,51.89,-8.4,45.0,81,75,5.82,0.0,0.0,broken clouds
342,Clarence Town,AU,2019-10-22 06:27:09,-32.59,151.78,82.99,53,0,10.29,0.0,0.0,clear sky
343,Wharton,GB,2019-10-22 06:27:10,53.2,-2.51,46.99,93,0,4.7,0.0,0.0,clear sky
344,Butembo,CD,2019-10-22 06:27:10,0.12,29.29,64.69,91,71,1.9,0.19,0.0,light rain
345,Bucarasica,CO,2019-10-22 06:27:10,8.04,-72.87,73.4,94,75,4.7,0.0,0.0,light intensity drizzle
346,Nyzy,UA,2019-10-22 06:27:11,50.78,34.78,51.76,75,67,3.36,0.0,0.0,broken clouds
347,Haines Junction,CA,2019-10-22 06:27:11,60.75,-137.51,17.49,89,100,2.53,0.0,0.0,overcast clouds
348,Xiongzhou,CN,2019-10-22 06:27:11,32.34,118.83,75.0,52,20,8.95,0.0,0.0,few clouds
349,Nanortalik,GL,2019-10-22 06:23:28,60.14,-45.24,37.11,62,52,0.56,0.0,0.0,broken clouds
350,Omboue,GA,2019-10-22 06:27:12,-1.57,9.26,74.82,93,100,1.34,0.0,0.0,overcast clouds
351,Taksimo,RU,2019-10-22 06:27:12,56.36,114.84,22.14,69,100,3.67,0.0,0.0,overcast clouds
352,Sobolevo,RU,2019-10-22 06:27:13,54.43,31.9,50.13,87,100,3.38,0.0,0.0,overcast clouds
353,Haileybury,CA,2019-10-22 06:27:13,47.44,-79.64,46.4,93,90,17.22,0.0,0.0,light rain
354,Bereznik,RU,2019-10-22 06:27:13,62.86,42.71,31.75,84,93,6.2,0.0,0.0,overcast clouds
355,Denpasar,ID,2019-10-22 06:24:01,-8.65,115.22,86.0,74,20,4.7,0.0,0.0,few clouds
356,Tunceli,TR,2019-10-22 06:27:14,39.11,39.55,57.2,93,75,4.7,0.0,0.0,light intensity shower rain
357,Adwa,ET,2019-10-22 06:27:14,14.16,38.9,69.21,52,0,7.65,0.0,0.0,clear sky
358,Laguna,BZ,2019-10-22 06:27:14,16.17,-88.94,78.8,83,40,4.7,0.0,0.0,scattered clouds
359,Birao,CF,2019-10-22 06:27:15,10.3,22.78,72.05,88,100,8.08,0.0,0.0,overcast clouds
360,Sao Borja,BR,2019-10-22 06:27:15,-28.66,-56.0,53.82,96,0,5.41,0.0,0.0,clear sky
361,Calituban,PH,2019-10-22 06:27:15,10.24,124.29,89.6,59,40,10.29,0.0,0.0,scattered clouds
362,Komsomolskiy,RU,2019-10-22 06:24:22,67.55,63.78,21.67,95,100,8.41,0.0,1.44,light snow
363,Namatanai,PG,2019-10-22 06:22:40,-3.66,152.44,84.78,71,85,14.12,1.31,0.0,light rain
364,Coihaique,CL,2019-10-22 06:24:25,-45.58,-72.07,35.6,98,20,3.36,0.0,0.0,few clouds
365,Calama,CL,2019-10-22 06:27:16,-22.46,-68.93,46.99,26,0,16.11,0.0,0.0,clear sky
366,Nelson,CA,2019-10-22 06:27:17,49.49,-117.29,34.23,99,100,1.7,0.0,0.13,light snow
367,Melfort,CA,2019-10-22 06:27:17,52.87,-104.61,24.8,100,1,4.7,0.0,0.0,clear sky
368,College,US,2019-10-22 06:24:33,64.86,-147.8,28.99,86,75,2.24,0.0,0.0,broken clouds
369,Hearst,CA,2019-10-22 06:27:17,49.69,-83.67,47.14,91,100,16.08,3.0,0.0,light rain
370,Ambon,FR,2019-10-22 06:27:18,47.55,-2.56,51.01,100,0,5.82,0.0,0.0,fog
371,Saint-Georges,CA,2019-10-22 06:27:18,46.12,-70.67,41.0,25,19,4.0,0.0,0.0,few clouds
372,Faya,SA,2019-10-22 06:23:48,18.39,42.45,71.6,22,2,5.82,0.0,0.0,clear sky
373,Geraldton,CA,2019-10-22 06:24:57,49.72,-86.95,44.6,100,90,16.11,0.0,0.0,light rain
374,Katrineholm,SE,2019-10-22 06:27:19,59.0,16.21,48.2,93,40,6.93,0.0,0.0,scattered clouds
375,Padang,ID,2019-10-22 06:27:20,-0.92,100.36,75.88,89,82,3.36,4.56,0.0,moderate rain
376,Wagar,US,2019-10-22 06:27:20,31.44,-87.99,71.01,94,100,3.04,0.06,0.0,overcast clouds
377,Bathsheba,BB,2019-10-22 06:23:23,13.22,-59.52,78.8,78,20,11.41,0.0,0.0,few clouds
378,Talcahuano,CL,2019-10-22 06:27:21,-36.72,-73.12,46.4,87,0,6.93,0.0,0.0,clear sky
379,Saint Anthony,US,2019-10-22 06:24:44,43.97,-111.68,41.0,65,75,10.29,0.0,0.0,broken clouds
380,Sangar,RU,2019-10-22 06:27:22,63.92,127.47,24.84,80,13,10.31,0.0,0.0,few clouds
381,Olinda,AU,2019-10-22 06:24:52,-37.84,145.39,73.99,49,0,9.17,0.0,0.0,clear sky
382,Meulaboh,ID,2019-10-22 06:27:22,4.14,96.13,81.97,75,89,7.54,0.0,0.0,overcast clouds
383,Tura,RU,2019-10-22 06:22:49,64.27,100.22,18.59,84,100,3.22,0.0,0.0,overcast clouds
384,Camacupa,AO,2019-10-22 06:27:23,-12.02,17.48,70.99,57,2,6.35,0.0,0.0,clear sky
385,Marsa Matruh,EG,2019-10-22 06:27:23,31.35,27.25,73.4,64,40,6.93,0.0,0.0,scattered clouds
386,Zorritos,PE,2019-10-22 06:24:17,-3.68,-80.68,71.1,80,94,6.46,0.0,0.0,overcast clouds
387,Onda,ES,2019-10-22 06:27:24,39.96,-0.26,57.99,87,40,8.05,0.0,0.0,moderate rain
388,Kipini,KE,2019-10-22 06:27:24,-2.53,40.53,81.75,78,11,9.75,0.38,0.0,light rain
389,Lima,PE,2019-10-22 06:27:24,-12.06,-77.04,60.8,87,90,6.93,0.0,0.0,overcast clouds
390,Kampong Chhnang,KH,2019-10-22 06:27:25,12.25,104.67,88.16,55,2,6.06,0.0,0.0,clear sky
391,Fuyu,CN,2019-10-22 06:27:25,47.79,124.46,53.47,21,25,7.49,0.0,0.0,scattered clouds
392,Arsenyev,RU,2019-10-22 06:27:25,44.16,133.27,59.07,39,14,4.54,0.0,0.0,few clouds
393,General Roca,AR,2019-10-22 06:27:26,-39.03,-67.58,50.0,29,0,4.7,0.0,0.0,clear sky
394,Skibbereen,IE,2019-10-22 06:27:26,51.55,-9.27,44.6,81,75,5.82,0.0,0.0,broken clouds
395,Toguchin,RU,2019-10-22 06:27:26,55.24,84.4,27.0,69,97,14.58,0.0,0.0,overcast clouds
396,Matara,BI,2019-10-22 06:23:17,-3.48,29.48,66.07,78,68,2.51,0.75,0.0,light rain
397,Vostok,RU,2019-10-22 06:27:27,46.45,135.83,51.42,34,0,3.29,0.0,0.0,clear sky
398,Shenzhen,CN,2019-10-22 06:27:27,22.54,114.05,86.0,51,20,6.71,0.0,0.0,few clouds
399,Broken Hill,AU,2019-10-22 06:24:04,-31.97,141.45,84.2,13,87,9.17,0.0,0.0,overcast clouds
400,Pangnirtung,CA,2019-10-22 06:27:28,66.15,-65.72,27.12,59,80,1.01,0.0,0.0,broken clouds
401,Lipin Bor,RU,2019-10-22 06:27:28,60.26,37.97,35.13,89,100,6.82,0.0,0.0,overcast clouds
402,Rawson,AR,2019-10-22 06:23:28,-43.3,-65.11,48.29,78,97,30.98,0.0,0.0,overcast clouds
403,Ipojuca,BR,2019-10-22 06:27:29,-8.4,-35.06,73.4,88,40,2.24,0.0,0.0,scattered clouds
404,Tefe,BR,2019-10-22 06:27:29,-3.35,-64.71,73.27,89,25,1.83,0.0,0.0,scattered clouds
405,Masuda,JP,2019-10-22 06:27:29,34.68,131.85,75.2,73,75,5.82,0.0,0.0,broken clouds
406,Mujiayingzi,CN,2019-10-22 06:27:30,42.12,118.78,65.53,17,0,2.95,0.0,0.0,clear sky
407,Havelock,US,2019-10-22 06:27:30,34.88,-76.9,64.4,82,90,8.05,0.0,0.0,overcast clouds
408,Mungwi,ZM,2019-10-22 06:27:30,-10.17,31.37,78.46,49,17,5.77,0.0,0.0,few clouds
409,Sao Jose Da Coroa Grande,BR,2019-10-22 06:27:30,-8.9,-35.15,77.76,73,89,13.53,0.19,0.0,light rain
410,Oskemen,KZ,2019-10-22 06:27:31,49.96,82.61,23.0,73,40,4.47,0.0,0.0,scattered clouds
411,Diamantino,BR,2019-10-22 06:27:31,-14.4,-56.44,72.0,92,100,1.16,0.0,0.0,overcast clouds
412,Ucar,AZ,2019-10-22 06:27:31,40.51,47.65,62.6,77,90,8.05,0.0,0.0,overcast clouds
413,Bambanglipuro,ID,2019-10-22 06:27:32,-7.95,110.28,88.21,48,0,16.84,0.0,0.0,clear sky
414,Boa Vista,BR,2019-10-22 06:27:32,2.82,-60.67,78.8,83,40,5.82,0.0,0.0,scattered clouds
415,Siavonga,ZW,2019-10-22 06:27:32,-16.54,28.71,85.57,34,51,11.01,0.0,0.0,broken clouds
416,Weyburn,CA,2019-10-22 06:27:33,49.67,-103.85,27.0,80,0,3.31,0.0,0.0,clear sky
417,Saint-Augustin,CA,2019-10-22 06:27:33,45.63,-73.98,48.0,81,40,5.82,0.0,0.0,scattered clouds
418,Poplaca,RO,2019-10-22 06:27:33,45.73,24.05,46.0,93,0,3.36,0.0,0.0,clear sky
419,Stepnyak,KZ,2019-10-22 06:27:33,52.83,70.79,31.05,69,45,16.82,0.0,0.0,scattered clouds
420,Mount Gambier,AU,2019-10-22 06:27:34,-37.83,140.78,77.0,44,0,9.17,0.0,0.0,clear sky
421,Maceio,BR,2019-10-22 06:24:02,-9.67,-35.74,69.8,100,99,5.82,0.0,0.0,overcast clouds
422,Adre,TD,2019-10-22 06:27:34,13.47,22.2,79.9,38,48,3.38,0.0,0.0,scattered clouds
423,Luau,CD,2019-10-22 06:27:35,-10.7,22.23,72.97,68,42,4.72,0.0,0.0,scattered clouds
424,Sishui,CN,2019-10-22 06:27:35,35.66,117.27,73.0,30,97,3.44,0.0,0.0,overcast clouds
425,Pundaguitan,PH,2019-10-22 06:27:35,6.37,126.17,83.79,72,62,4.76,0.69,0.0,light rain
426,Ewa Beach,US,2019-10-22 06:27:36,21.32,-158.01,82.4,88,75,6.93,0.0,0.0,broken clouds
427,Huarmey,PE,2019-10-22 06:27:36,-10.07,-78.15,57.47,86,88,1.92,0.0,0.0,overcast clouds
428,Kaeo,NZ,2019-10-22 06:27:36,-35.1,173.78,61.0,86,22,15.82,0.06,0.0,few clouds
429,Makokou,GA,2019-10-22 06:27:37,0.56,12.85,70.45,96,100,1.28,0.19,0.0,light rain
430,Stephenville,CA,2019-10-22 06:27:37,48.55,-58.59,41.0,86,40,2.24,0.0,0.0,scattered clouds
431,Auki,NG,2019-10-22 06:27:38,12.18,6.51,76.35,72,51,3.91,0.0,0.0,broken clouds
432,Whakatane,NZ,2019-10-22 06:27:38,-37.96,176.99,61.0,55,3,1.99,0.0,0.0,clear sky
433,Manavalakurichi,IN,2019-10-22 06:27:38,8.13,77.3,87.8,66,75,4.7,0.0,0.0,broken clouds
434,Upata,VE,2019-10-22 06:27:38,8.02,-62.41,75.99,86,31,3.0,0.0,0.0,scattered clouds
435,Havoysund,NO,2019-10-22 06:27:39,71.0,24.66,28.4,79,75,21.92,0.0,0.0,broken clouds
436,Pontalina,BR,2019-10-22 06:27:39,-17.52,-49.45,69.3,92,100,8.23,4.69,0.0,moderate rain
437,Tete,MZ,2019-10-22 06:27:39,-16.16,33.59,91.4,41,35,3.36,0.0,0.0,smoke
438,Nieuw Amsterdam,SR,2019-10-22 06:27:39,5.88,-55.08,77.0,94,72,1.12,0.0,0.0,broken clouds
439,Mocuba,MZ,2019-10-22 06:27:40,-16.84,36.99,92.57,40,28,5.79,0.0,0.0,scattered clouds
440,Filingue,NE,2019-10-22 06:27:40,14.35,3.32,84.96,48,20,6.64,0.0,0.0,few clouds
441,Durres,AL,2019-10-22 06:27:40,41.32,19.44,57.2,93,0,3.36,0.0,0.0,clear sky
442,Tiznit,MA,2019-10-22 06:24:09,29.7,-9.73,49.35,88,45,11.43,0.0,0.0,scattered clouds
443,Griffith,AU,2019-10-22 06:27:41,-34.29,146.06,87.8,17,0,6.93,0.0,0.0,clear sky
444,Weatherford,US,2019-10-22 06:27:42,32.76,-97.8,55.99,75,1,5.03,0.0,0.0,clear sky
445,Kalmunai,LK,2019-10-22 06:27:42,7.42,81.82,78.91,84,100,6.76,0.12,0.0,light rain
446,Kochevo,BG,2019-10-22 06:27:43,42.1,24.92,53.6,81,0,2.1,0.0,0.0,clear sky
447,Thessalon,CA,2019-10-22 06:27:43,46.26,-83.55,55.4,93,90,10.29,0.0,0.0,moderate rain
448,Burnie,AU,2019-10-22 06:23:13,-41.05,145.91,66.0,63,51,8.01,0.0,0.0,broken clouds
449,Vallenar,CL,2019-10-22 06:27:43,-28.58,-70.76,50.45,66,91,1.92,0.0,0.0,overcast clouds
450,Lodja,CD,2019-10-22 06:27:43,-3.52,23.6,72.36,94,100,0.67,0.0,0.0,overcast clouds
451,Kajaani,FI,2019-10-22 06:27:44,64.22,27.73,33.8,100,90,14.99,0.0,0.0,overcast clouds
452,Poum,MK,2019-10-22 06:22:29,41.28,20.71,46.4,87,0,2.24,0.0,0.0,clear sky
453,Santiago Del Estero,AR,2019-10-22 06:27:44,-27.8,-64.26,61.29,60,0,7.27,0.0,0.0,clear sky
454,Camacha,PT,2019-10-22 06:24:10,33.08,-16.33,64.4,68,20,13.87,0.0,0.0,few clouds
455,Taoudenni,ML,2019-10-22 06:27:45,22.68,-3.98,84.13,22,0,7.76,0.0,0.0,clear sky
456,Mankachar,IN,2019-10-22 06:27:45,25.53,89.87,84.38,52,0,4.54,0.0,0.0,clear sky
457,Erdenet,MN,2019-10-22 06:27:45,49.03,104.04,21.63,89,100,14.25,0.0,0.87,light snow
458,Deputatskiy,RU,2019-10-22 06:27:46,69.3,139.9,7.09,79,26,2.35,0.0,0.0,scattered clouds
459,Cayenne,GF,2019-10-22 06:25:00,4.94,-52.33,75.2,94,40,3.67,0.0,0.0,scattered clouds
460,Isoka,ZM,2019-10-22 06:27:46,-10.15,32.64,78.62,50,8,5.99,0.0,0.0,clear sky
461,Lagoa,PT,2019-10-22 06:22:45,37.14,-8.45,55.99,82,20,6.93,0.0,0.0,shower rain
462,Shelburne,CA,2019-10-22 06:27:47,44.08,-80.2,57.0,87,90,5.82,0.0,0.0,light rain
463,Mount Isa,AU,2019-10-22 06:27:47,-20.73,139.49,95.0,17,90,10.29,0.0,0.0,overcast clouds
464,Keti Bandar,PK,2019-10-22 06:27:47,24.14,67.45,89.65,36,100,5.46,0.0,0.0,overcast clouds
465,Gubkinskiy,RU,2019-10-22 06:23:09,64.43,76.5,25.93,88,93,18.57,0.0,0.0,overcast clouds
466,Tenenkou,ML,2019-10-22 06:27:48,14.46,-4.91,80.51,64,72,5.61,0.0,0.0,broken clouds
467,Prachuap Khiri Khan,TH,2019-10-22 06:27:48,11.81,99.79,84.42,70,54,8.68,0.0,0.0,broken clouds
468,Thunder Bay,CA,2019-10-22 06:27:49,48.41,-89.26,51.8,93,90,8.05,0.0,0.0,light intensity shower rain
469,Tadine,NC,2019-10-22 06:27:49,-21.55,167.88,72.39,80,100,11.9,0.13,0.0,light rain
470,Grand Baie,MU,2019-10-22 06:27:50,-20.02,57.58,80.6,69,75,18.34,0.0,0.0,broken clouds
471,Bandarbeyla,SO,2019-10-22 06:27:50,9.49,50.81,81.21,74,0,8.93,0.0,0.0,clear sky
472,Vila Velha,BR,2019-10-22 06:23:57,-3.71,-38.6,78.8,78,40,5.82,0.0,0.0,scattered clouds
473,Santa Isabel,MX,2019-10-22 06:27:50,32.63,-115.58,71.6,20,1,8.05,0.0,0.0,clear sky
474,Belaya Gora,RU,2019-10-22 06:22:49,68.54,146.19,7.03,93,41,5.48,0.0,0.0,scattered clouds
475,Barcelos,BR,2019-10-22 06:27:51,-0.97,-62.93,73.42,89,91,0.87,0.0,0.0,overcast clouds
476,Novokayakent,RU,2019-10-22 06:27:51,42.39,47.99,62.6,63,7,4.47,0.0,0.0,clear sky
477,Saint-Leu,RE,2019-10-22 06:27:52,-21.15,55.28,80.6,74,42,5.82,0.0,0.0,scattered clouds
478,Ouadda,CF,2019-10-22 06:27:52,8.07,22.4,68.99,94,100,1.97,0.25,0.0,light rain
479,Dezful,IR,2019-10-22 06:27:52,32.38,48.4,82.96,31,97,6.91,1.12,0.0,light rain
480,Rock Springs,US,2019-10-22 06:27:53,41.59,-109.2,33.8,69,90,16.11,0.0,0.0,overcast clouds
481,Charters Towers,AU,2019-10-22 06:22:56,-20.07,146.27,87.42,26,0,17.09,0.0,0.0,clear sky
482,San Giovanni Rotondo,IT,2019-10-22 06:27:53,41.71,15.73,62.6,93,90,2.24,0.0,0.0,fog
483,Poyarkovo,RU,2019-10-22 06:27:54,49.62,128.65,48.43,24,0,16.49,0.0,0.0,clear sky
484,Loa Janan,ID,2019-10-22 06:27:54,-0.58,117.09,87.76,67,53,2.64,1.69,0.0,light rain
485,Kjopsvik,NO,2019-10-22 06:27:54,68.1,16.37,41.0,86,75,24.16,0.0,0.0,light rain
486,Haysville,US,2019-10-22 06:27:55,37.56,-97.35,46.99,39,1,10.29,0.0,0.0,clear sky
487,Miyako,JP,2019-10-22 06:27:55,33.63,130.94,79.0,57,20,2.24,0.0,0.0,few clouds
488,Wunsiedel,DE,2019-10-22 06:27:55,50.04,12.0,52.0,100,90,2.57,0.0,0.0,fog
489,Cabimas,VE,2019-10-22 06:27:56,10.39,-71.44,80.37,79,100,12.66,0.0,0.0,overcast clouds
490,Cururupu,BR,2019-10-22 06:27:56,-1.82,-44.87,71.89,99,23,2.21,0.0,0.0,few clouds
491,Ahipara,NZ,2019-10-22 06:27:56,-35.17,173.16,61.0,86,0,21.09,0.25,0.0,light rain
492,Tortoli,IT,2019-10-22 06:27:57,39.93,9.66,66.2,88,5,5.82,0.0,0.0,clear sky
493,Forestville,CA,2019-10-22 06:27:57,48.74,-69.09,32.0,82,5,5.82,0.0,0.0,clear sky
494,Rio Grande,BR,2019-10-22 06:27:57,-32.03,-52.1,56.48,84,43,10.89,0.0,0.0,scattered clouds
495,Nortelandia,BR,2019-10-22 06:27:57,-14.45,-56.8,71.33,94,100,0.76,0.0,0.0,overcast clouds
496,Panaba,MX,2019-10-22 06:27:58,21.28,-88.27,77.34,93,20,6.51,0.0,0.0,few clouds
497,Cockburn Town,TC,2019-10-22 06:27:58,21.46,-71.14,82.99,78,63,13.98,0.44,0.0,light rain
498,Kholodnyy,RU,2019-10-22 06:27:58,62.72,147.95,5.41,98,58,3.22,0.0,0.0,broken clouds
499,Westport,US,2019-10-22 06:24:55,41.14,-73.36,55.99,81,1,4.7,0.0,0.0,clear sky
500,Amapa,HN,2019-10-22 06:27:59,15.09,-87.97,75.99,94,20,6.93,0.0,0.0,few clouds
501,Evensk,RU,2019-10-22 06:27:59,61.92,159.24,17.15,62,0,7.45,0.0,0.0,clear sky
502,Qesarya,IL,2019-10-22 06:27:59,32.52,34.9,75.0,68,15,3.36,0.0,0.0,few clouds
503,Makakilo City,US,2019-10-22 06:23:57,21.35,-158.09,82.4,88,75,6.93,0.0,0.0,broken clouds
504,Aripuana,BR,2019-10-22 06:28:00,-9.17,-60.63,72.39,98,100,2.93,0.0,0.0,overcast clouds
505,Buraydah,SA,2019-10-22 06:24:36,26.33,43.97,75.2,44,100,2.24,0.0,0.0,overcast clouds
506,Byron Bay,AU,2019-10-22 06:28:00,-28.65,153.62,75.2,64,46,10.29,0.0,0.0,scattered clouds
507,Port-Gentil,GA,2019-10-22 06:24:01,-0.72,8.78,78.8,88,40,4.7,0.0,0.0,scattered clouds
508,Sakaiminato,JP,2019-10-22 06:28:01,35.55,133.23,71.6,56,75,9.17,0.0,0.0,broken clouds
509,Hashtrud,IR,2019-10-22 06:28:01,37.48,47.05,52.38,67,100,7.49,0.0,0.0,overcast clouds
510,Svetlogorsk,RU,2019-10-22 06:28:02,53.14,59.15,42.8,60,75,20.13,0.0,0.0,broken clouds
511,Mogadishu,SO,2019-10-22 06:28:02,2.04,45.34,82.4,69,40,5.82,0.0,0.0,scattered clouds
512,Mecca,SA,2019-10-22 06:24:18,21.43,39.83,83.19,59,0,4.45,0.0,0.0,clear sky
513,Seymchan,RU,2019-10-22 06:28:02,62.93,152.39,6.24,99,61,1.77,0.0,0.0,broken clouds
514,Tuatapere,NZ,2019-10-22 06:22:36,-46.13,167.69,43.0,88,100,11.99,3.06,0.0,moderate rain
515,Straumen,NO,2019-10-22 06:28:03,63.87,11.3,53.01,53,90,16.11,0.0,0.0,overcast clouds
516,Sibolga,ID,2019-10-22 06:28:03,1.74,98.78,79.68,90,98,3.36,5.44,0.0,moderate rain
517,Deyang,CN,2019-10-22 06:28:04,31.12,104.39,71.01,61,100,5.01,0.0,0.0,overcast clouds
518,San Javier,BR,2019-10-22 06:28:04,-27.87,-55.13,54.0,96,15,3.58,0.0,0.0,few clouds
519,Santa Cruz,BR,2019-10-22 06:28:04,-6.22,-36.02,69.03,88,56,2.46,0.0,0.0,broken clouds
520,Itarema,BR,2019-10-22 06:23:52,-2.92,-39.92,77.22,73,73,7.16,0.0,0.0,broken clouds
521,Rocha,UY,2019-10-22 06:28:05,-34.48,-54.34,44.28,93,0,3.8,0.0,0.0,clear sky
522,Sao Francisco,BR,2019-10-22 06:28:05,-25.65,-53.85,60.8,93,90,2.24,0.0,0.0,overcast clouds
523,Marawi,PH,2019-10-22 06:28:06,8.0,124.29,84.99,78,44,5.01,6.25,0.0,moderate rain
524,Dingle,PH,2019-10-22 06:28:06,11.0,122.67,82.99,80,57,7.14,8.25,0.0,moderate rain
525,Mvomero,TZ,2019-10-22 06:28:06,-6.3,37.45,75.2,78,20,2.93,0.0,0.0,few clouds
526,Novokizhinginsk,RU,2019-10-22 06:28:06,51.61,109.59,29.82,42,100,6.89,0.0,0.0,overcast clouds
527,Bullhead City,US,2019-10-22 06:28:07,35.15,-114.57,73.4,11,1,6.93,0.0,0.0,clear sky
528,Matay,EG,2019-10-22 06:28:07,28.42,30.79,72.14,57,8,4.25,0.0,0.0,clear sky
529,Khartoum,SD,2019-10-22 06:28:07,15.59,32.54,89.6,35,0,9.17,0.0,0.0,clear sky
530,Yate,GB,2019-10-22 06:28:08,51.54,-2.41,46.4,87,0,3.36,0.0,0.0,clear sky
531,Zhanakorgan,KZ,2019-10-22 06:28:08,43.91,67.25,54.52,35,0,3.36,0.0,0.0,clear sky
532,Birchis,RO,2019-10-22 06:28:08,45.97,22.17,50.0,93,5,6.93,0.0,0.0,clear sky
533,Ibotirama,BR,2019-10-22 06:28:09,-12.18,-43.22,73.99,83,85,3.4,0.75,0.0,light rain
534,Tonantins,BR,2019-10-22 06:28:09,-2.86,-67.77,73.51,93,100,1.43,0.0,0.0,overcast clouds
535,Muncar,ID,2019-10-22 06:28:09,-8.43,114.34,78.19,81,76,15.57,0.0,0.0,broken clouds
536,Virginia Beach,US,2019-10-22 06:28:10,36.85,-75.98,61.0,87,90,3.36,0.0,0.0,overcast clouds
537,Nha Trang,VN,2019-10-22 06:28:10,12.24,109.19,91.4,63,20,12.75,0.0,0.0,few clouds
538,Rabo De Peixe,PT,2019-10-22 06:28:10,37.8,-25.58,59.0,87,75,4.7,0.0,0.0,broken clouds
539,Kostomuksha,RU,2019-10-22 06:23:33,64.59,30.6,32.41,97,100,9.46,0.0,0.0,overcast clouds
540,North Bend,US,2019-10-22 06:28:11,43.41,-124.22,57.99,100,90,6.93,0.0,0.0,overcast clouds
541,Ust-Kut,RU,2019-10-22 06:28:11,56.78,105.75,23.02,63,71,5.64,0.0,0.0,broken clouds
542,Muroto,JP,2019-10-22 06:28:11,33.37,134.14,78.8,44,40,13.87,0.0,0.0,scattered clouds
543,Nizhniy Kuranakh,RU,2019-10-22 06:28:12,58.84,125.49,29.5,76,100,5.12,0.0,0.25,light snow
544,Fukue,JP,2019-10-22 06:28:12,35.03,136.69,75.2,57,20,6.93,0.0,0.0,few clouds
545,Kutum,SD,2019-10-22 06:28:12,14.2,24.66,78.66,44,14,6.13,0.0,0.0,few clouds
546,Totskoye,RU,2019-10-22 06:28:12,52.53,52.75,48.47,66,100,17.11,0.0,0.0,overcast clouds
547,Chadiza,ZM,2019-10-22 06:28:13,-14.06,32.43,83.5,42,6,6.87,0.0,0.0,clear sky
548,Oeiras Do Para,BR,2019-10-22 06:28:13,-2.0,-49.85,75.43,84,0,3.94,0.0,0.0,clear sky
549,Prince Rupert,CA,2019-10-22 06:28:13,54.32,-130.32,51.8,93,90,16.11,0.0,0.0,light rain
550,Saquena,PE,2019-10-22 06:28:13,-4.67,-73.52,73.67,81,45,1.68,0.0,0.0,scattered clouds
551,Yen Bai,VN,2019-10-22 06:28:14,21.7,104.87,85.51,61,74,3.36,0.0,0.0,broken clouds
552,Shu,KZ,2019-10-22 06:28:14,43.6,73.76,52.54,36,0,5.08,0.0,0.0,clear sky
553,Clarksburg,US,2019-10-22 06:28:14,39.24,-77.28,60.01,93,90,5.82,0.0,0.0,overcast clouds
554,Vaitape,PF,2019-10-22 06:28:15,-16.52,-151.75,81.18,69,0,5.35,0.0,0.0,clear sky
555,Wuwei,CN,2019-10-22 06:28:15,37.93,102.64,61.92,28,0,4.9,0.0,0.0,clear sky
556,Canarana,BR,2019-10-22 06:28:15,-11.69,-41.77,72.66,77,94,4.32,2.38,0.0,light rain
557,Kjollefjord,NO,2019-10-22 06:28:15,70.95,27.35,30.2,80,75,13.87,0.0,0.0,broken clouds
558,Norsup,VU,2019-10-22 06:28:16,-16.07,167.38,82.4,74,75,8.05,0.0,0.0,broken clouds
559,Vestmannaeyjar,IS,2019-10-22 06:28:16,63.44,-20.27,35.19,71,35,18.1,0.0,0.0,scattered clouds
560,Vysokogornyy,RU,2019-10-22 06:28:16,50.1,139.13,44.08,43,0,13.31,0.0,0.0,clear sky
561,Moyale,ET,2019-10-22 06:28:17,3.52,39.05,76.33,72,86,11.56,0.0,0.0,overcast clouds
562,Awjilah,LY,2019-10-22 06:23:13,29.14,21.3,70.05,68,0,6.55,0.0,0.0,clear sky
563,Ternate,PH,2019-10-22 06:24:06,14.29,120.72,91.99,55,40,13.87,0.0,0.0,scattered clouds
